Workbook
Name SN: 'TECH 1'!$A$10:$A$109

Sheet TECH 1
B1: LAGOS STATE GOVERNMENT.
B2: GOVERNMENT TECHNICAL COLLEGE.
B3: ODOMOLA,EPE.
B4: BROADSHEET -TECH 1 | D4: SESSION: | H4: 2024/2025
A5: S/N | D5: TECH 1 | M5: SECTION: | R5: ELECTRICAL INSTALLATION & MAINTENANCE
B6: SUBJECT | C6: 1ST TERM | DI6: 2ND TERM | IX6: 3RD TERM
D7: CRAFT PRACTICE | J7: BUILDING/ENG. DRAWING | P7: BASIC ELECTRICITY | V7: CABLE JOINTING | AB7: DOMESTIC INSTALLATION | AT7: ENGLISH LANGUAGE | AZ7: MATHEMATICS | BF7: PHYSICS | BL7: CHEMISTRY | BR7: I.C.T | BX7: ECONOMICS | CD7: ENTREPRENEURSHIP | DI7: CRAFT PRACTICE | DQ7: BUILDING/ENG. DRAWING | DY7: BASIC ELECTRICITY | EG7: CABLE JOINTING | EO7: DOMESTIC INSTALLATION | EW7: BATTERY CHARGING | FE7: INDUSTRIAL INSTALLATION | FM7: ENGLISH LANGUAGE | FU7: MATHEMATICS | GC7: PHYSICS | GK7: CHEMISTRY | GS7: I.C.T | HA7: ECONOMICS | HI7: ENTREPRENEURSHIP | HQ7: SIWES | IX7: CRAFT PRACTICE | JG7: BUILDING/ENG. DRAWING | JP7: BASIC ELECTRICITY | JY7: CABLE JOINTING | KH7: DOMESTIC INSTALLATION | KQ7: BATTERY CHARGING | KZ7: INDUSTRIAL INSTALLATION | LI7: ENGLISH LANGUAGE | LR7: MATHEMATICS | MA7: PHYSICS | MJ7: CHEMISTRY | MS7: I.C.T | NB7: ECONOMICS | NK7: ENTREPRENEURSHIP
B8: NAME | C8: GENDER | D8: CA (40) | E8: EXAM (60) | F8: TOTAL (100%) | G8: % | H8: GRADE | I8: SUBJECT POSITION | J8: CA (41) | K8: EXAM (61) | L8: TOTAL (101%) | M8: % | N8: GRADE | O8: SUBJECT POSITION | P8: CA (42) | Q8: EXAM (62) | R8: TOTAL (102%) | S8: % | T8: GRADE | U8: SUBJECT POSITION | V8: CA (43) | W8: EXAM (63) | X8: TOTAL (103%) | Y8: % | Z8: GRADE | AA8: SUBJECT POSITION | AB8: CA (44) | AC8: EXAM (64) | AD8: TOTAL (104%) | AE8: % | AF8: GRADE | AG8: SUBJECT POSITION | AH8: CA (45) | AI8: EXAM (65) | AJ8: TOTAL (105%) | AK8: % | AL8: GRADE | AM8: SUBJECT POSITION | AN8: CA (46) | AO8: EXAM (66) | AP8: TOTAL (106%) | AQ8: % | AR8: GRADE | AS8: SUBJECT POSITION | AT8: CA (47) | AU8: EXAM (67) | AV8: TOTAL (107%) | AW8: % | AX8: GRADE | AY8: SUBJECT POSITION | AZ8: CA (48) | BA8: EXAM (68) | BB8: TOTAL (108%) | BC8: % | BD8: GRADE | BE8: SUBJECT POSITION | BF8: CA (49) | BG8: EXAM (69) | BH8: TOTAL (109%) | BI8: % | BJ8: GRADE | BK8: SUBJECT POSITION | BL8: CA (50) | BM8: EXAM (70) | BN8: TOTAL (110%) | BO8: % | BP8: GRADE | BQ8: SUBJECT POSITION | BR8: CA (51) | BS8: EXAM (71) | BT8: TOTAL (111%) | BU8: % | BV8: GRADE | BW8: SUBJECT POSITION | BX8: CA (52) | BY8: EXAM (72) | BZ8: TOTAL (112%) | CA8: % | CB8: GRADE | CC8: SUBJECT POSITION | CD8: CA (53) | CE8: EXAM (73) | CF8: TOTAL (113%) | CG8: % | CH8: GRADE | CI8: SUBJECT POSITION | CJ8: CA (54) | CK8: EXAM (74) | CL8: TOTAL (114%) | CM8: % | CN8: GRADE | CO8: SUBJECT POSITION | CP8: CA (55) | CQ8: EXAM (75) | CR8: TOTAL (115%) | CS8: % | CT8: GRADE | CU8: SUBJECT POSITION | CV8: CA (56) | CW8: EXAM (76) | CX8: TOTAL (116%) | CY8: % | CZ8: GRADE | DA8: SUBJECT POSITION | DC8: TOTAL MARK | DD8: AVERAGE SCORE | DE8: CLASS POSITION | DG8: % | DI8: CA (40) | DJ8: EXAM (60) | DK8: TOTAL (100%) | DL8: B/F 2ND TERM | DM8: GD TOTAL (200) | DN8: AV % | DO8: GRADE | DP8: SUBJECT POSITION | DQ8: CA (40) | DR8: EXAM (60) | DS8: TOTAL (100%) | DT8: B/F 2ND TERM | DU8: GD TOTAL (200) | DV8: AV % | DW8: GRADE | DX8: SUBJECT POSITION | DY8: CA (40) | DZ8: EXAM (60) | EA8: TOTAL (100%) | EB8: B/F 2ND TERM | EC8: GD TOTAL (200) | ED8: AV % | EE8: GRADE | EF8: SUBJECT POSITION | EG8: CA (40) | EH8: EXAM (60) | EI8: TOTAL (100%) | EJ8: B/F 2ND TERM | EK8: GD TOTAL (200) | EL8: AV % | EM8: GRADE | EN8: SUBJECT POSITION | EO8: CA (40) | EP8: EXAM (60) | EQ8: TOTAL (100%) | ER8: B/F 2ND TERM | ES8: GD TOTAL (200) | ET8: AV % | EU8: GRADE | EV8: SUBJECT POSITION | EW8: CA (40) | EX8: EXAM (60) | EY8: TOTAL (100%) | EZ8: B/F 2ND TERM | FA8: GD TOTAL (200) | FB8: AV % | FC8: GRADE | FD8: SUBJECT POSITION | FE8: CA (40) | FF8: EXAM (60) | FG8: TOTAL (100%) | FH8: B/F 2ND TERM | FI8: GD TOTAL (200) | FJ8: AV % | FK8: GRADE | FL8: SUBJECT POSITION | FM8: CA (40) | FN8: EXAM (60) | FO8: TOTAL (100%) | FP8: B/F 2ND TERM | FQ8: GD TOTAL (200) | FR8: AV % | FS8: GRADE | FT8: SUBJECT POSITION | FU8: CA (40) | FV8: EXAM (60) | FW8: TOTAL (100%) | FX8: B/F 2ND TERM | FY8: GD TOTAL (200) | FZ8: AV % | GA8: GRADE | GB8: SUBJECT POSITION | GC8: CA (40) | GD8: EXAM (60) | GE8: TOTAL (100%) | GF8: B/F 2ND TERM | GG8: GD TOTAL (200) | GH8: AV % | GI8: GRADE | GJ8: SUBJECT POSITION | GK8: CA (40) | GL8: EXAM (60) | GM8: TOTAL (100%) | GN8: B/F 2ND TERM | GO8: GD TOTAL (200) | GP8: AV % | GQ8: GRADE | GR8: SUBJECT POSITION | GS8: CA (40) | GT8: EXAM (60) | GU8: TOTAL (100%) | GV8: B/F 2ND TERM | GW8: GD TOTAL (200) | GX8: AV % | GY8: GRADE | GZ8: SUBJECT POSITION | HA8: CA (40) | HB8: EXAM (60) | HC8: TOTAL (100%) | HD8: B/F 2ND TERM | HE8: GD TOTAL (200) | HF8: AV % | HG8: GRADE | HH8: SUBJECT POSITION | HI8: CA (40) | HJ8: EXAM (60) | HK8: TOTAL (100%) | HL8: B/F 2ND TERM | HM8: GD TOTAL (200) | HN8: AV % | HO8: GRADE | HP8: SUBJECT POSITION | HQ8: CA (40) | HR8: EXAM (60) | HS8: TOTAL (100%) | HT8: B/F 2ND TERM | HU8: GD TOTAL (200) | HV8: AV % | HW8: GRADE | HX8: SUBJECT POSITION | HY8: CA (40) | HZ8: EXAM (60) | IA8: TOTAL (100%) | IB8: B/F 2ND TERM | IC8: GD TOTAL (200) | ID8: AV % | IE8: GRADE | IF8: SUBJECT POSITION | IG8: CA (40) | IH8: EXAM (60) | II8: TOTAL (100%) | IJ8: B/F 2ND TERM | IK8: GD TOTAL (200) | IL8: AV % | IM8: GRADE | IN8: SUBJECT POSITION | IO8: TOTAL MARKS | IP8: AVERAGE SCORE | IQ8: CLASS POSITION | IX8: CA (40) | IY8: EXAM (60) | IZ8: TOTAL (100%) | JA8: B/F 1ST TERM | JB8: B/F 2ND TERM | JC8: GD TOTAL (300) | JD8: AV % | JE8: GRADE | JF8: SUBJECT POSITION | JG8: CA (40) | JH8: EXAM (60) | JI8: TOTAL (100%) | JJ8: B/F 1ST TERM | JK8: B/F 2ND TERM | JL8: GD TOTAL (300) | JM8: AV % | JN8: GRADE | JO8: SUBJECT POSITION | JP8: CA (40) | JQ8: EXAM (60) | JR8: TOTAL (100%) | JS8: B/F 1ST TERM | JT8: B/F 2ND TERM | JU8: GD TOTAL (300) | JV8: AV % | JW8: GRADE | JX8: SUBJECT POSITION | JY8: CA (40) | JZ8: EXAM (60) | KA8: TOTAL (100%) | KB8: B/F 1ST TERM | KC8: B/F 2ND TERM | KD8: GD TOTAL (300) | KE8: AV % | KF8: GRADE | KG8: SUBJECT POSITION | KH8: CA (40) | KI8: EXAM (60) | KJ8: TOTAL (100%) | KK8: B/F 1ST TERM | KL8: B/F 2ND TERM | KM8: GD TOTAL (300) | KN8: AV % | KO8: GRADE | KP8: SUBJECT POSITION | KQ8: CA (40) | KR8: EXAM (60) | KS8: TOTAL (100%) | KT8: B/F 1ST TERM | KU8: B/F 2ND TERM | KV8: GD TOTAL (300) | KW8: AV % | KX8: GRADE | KY8: SUBJECT POSITION | KZ8: CA (40) | LA8: EXAM (60) | LB8: TOTAL (100%) | LC8: B/F 1ST TERM | LD8: B/F 2ND TERM | LE8: GD TOTAL (300) | LF8: AV % | LG8: GRADE | LH8: SUBJECT POSITION | LI8: CA (40) | LJ8: EXAM (60) | LK8: TOTAL (100%) | LL8: B/F 1ST TERM | LM8: B/F 2ND TERM | LN8: GD TOTAL (300) | LO8: AV % | LP8: GRADE | LQ8: SUBJECT POSITION | LR8: CA (40) | LS8: EXAM (60) | LT8: TOTAL (100%) | LU8: B/F 1ST TERM | LV8: B/F 2ND TERM | LW8: GD TOTAL (300) | LX8: AV % | LY8: GRADE | LZ8: SUBJECT POSITION | MA8: CA (40) | MB8: EXAM (60) | MC8: TOTAL (100%) | MD8: B/F 1ST TERM | ME8: B/F 2ND TERM | MF8: GD TOTAL (300) | MG8: AV % | MH8: GRADE | MI8: SUBJECT POSITION | MJ8: CA (40) | MK8: EXAM (60) | ML8: TOTAL (100%) | MM8: B/F 1ST TERM | MN8: B/F 2ND TERM | MO8: GD TOTAL (300) | MP8: AV % | MQ8: GRADE | MR8: SUBJECT POSITION | MS8: CA (40) | MT8: EXAM (60) | MU8: TOTAL (100%) | MV8: B/F 1ST TERM | MW8: B/F 2ND TERM | MX8: GD TOTAL (300) | MY8: AV % | MZ8: GRADE | NA8: SUBJECT POSITION | NB8: CA (40) | NC8: EXAM (60) | ND8: TOTAL (100%) | NE8: B/F 1ST TERM | NF8: B/F 2ND TERM | NG8: GD TOTAL (300) | NH8: AV % | NI8: GRADE | NJ8: SUBJECT POSITION | NK8: CA (40) | NL8: EXAM (60) | NM8: TOTAL (100%) | NN8: B/F 1ST TERM | NO8: B/F 2ND TERM | NP8: GD TOTAL (300) | NQ8: AV % | NR8: GRADE | NS8: SUBJECT POSITION | NT8: CA (40) | NU8: EXAM (60) | NV8: TOTAL (100%) | NW8: B/F 1ST TERM | NX8: B/F 2ND TERM | NY8: GD TOTAL (300) | NZ8: AV % | OA8: GRADE | OB8: SUBJECT POSITION | OC8: CA (40) | OD8: EXAM (60) | OE8: TOTAL (100%) | OF8: B/F 1ST TERM | OG8: B/F 2ND TERM | OH8: GD TOTAL (300) | OI8: AV % | OJ8: GRADE | OK8: SUBJECT POSITION | OL8: CA (40) | OM8: EXAM (60) | ON8: TOTAL (100%) | OO8: B/F 1ST TERM | OP8: B/F 2ND TERM | OQ8: GD TOTAL (300) | OR8: AV % | OS8: GRADE | OT8: SUBJECT POSITION | OU8: TOTAL MARK | OV8: AVERAGE | OW8: CLASS POSITION
C9: 3 | D9: 4 | E9: 5 | F9: 6 | G9: 7 | H9: 8 | I9: 9 | J9: 10 | K9: 11 | L9: 12 | M9: 13 | N9: 14 | O9: 15 | P9: 16 | Q9: 17 | R9: 18 | S9: 19 | T9: 20 | U9: 21 | V9: 22 | W9: 23 | X9: 24 | Y9: 25 | Z9: 26 | AA9: 27 | AB9: 28 | AC9: 29 | AD9: 30 | AE9: 31 | AF9: 32 | AG9: 33 | AH9: 34 | AI9: 35 | AJ9: 36 | AK9: 37 | AL9: 38 | AM9: 39 | AN9: 40 | AO9: 41 | AP9: 42 | AQ9: 43 | AR9: 44 | AS9: 45 | AT9: 46 | AU9: 47 | AV9: 48 | AW9: 49 | AX9: 50 | AY9: 51 | AZ9: 52 | BA9: 53 | BB9: 54 | BC9: 55 | BD9: 56 | BE9: 57 | BF9: 58 | BG9: 59 | BH9: 60 | BI9: 61 | BJ9: 62 | BK9: 63 | BL9: 64 | BM9: 65 | BN9: 66 | BO9: 67 | BP9: 68 | BQ9: 69 | BR9: 70 | BS9: 71 | BT9: 72 | BU9: 73 | BV9: 74 | BW9: 75 | BX9: 76 | BY9: 77 | BZ9: 78 | CA9: 79 | CB9: 80 | CC9: 81 | CD9: 82 | CE9: 83 | CF9: 84 | CG9: 85 | CH9: 86 | CI9: 87 | CJ9: 88 | CK9: 89 | CL9: 90 | CM9: 91 | CN9: 92 | CO9: 93 | CP9: 94 | CQ9: 95 | CR9: 96 | CS9: 97 | CT9: 98 | CU9: 99 | CV9: 100 | CW9: 101 | CX9: 102 | CY9: 103 | CZ9: 104 | DA9: 105 | DB9: 106 | DC9: 107 | DD9: 108 | DE9: 109 | DF9: 110 | DG9: 111 | DH9: 112 | DI9: 113 | DJ9: 114 | DK9: 115 | DL9: 116 | DM9: 117 | DN9: 118 | DO9: 119 | DP9: 120 | DQ9: 121 | DR9: 122 | DS9: 123 | DT9: 124 | DU9: 125 | DV9: 126 | DW9: 127 | DX9: 128 | DY9: 129 | DZ9: 130 | EA9: 131 | EB9: 132 | EC9: 133 | ED9: 134 | EE9: 135 | EF9: 136 | EG9: 137 | EH9: 138 | EI9: 139 | EJ9: 140 | EK9: 141 | EL9: 142 | EM9: 143 | EN9: 144 | EO9: 145 | EP9: 146 | EQ9: 147 | ER9: 148 | ES9: 149 | ET9: 150 | EU9: 151 | EV9: 152 | EW9: 153 | EX9: 154 | EY9: 155 | EZ9: 156 | FA9: 157 | FB9: 158 | FC9: 159 | FD9: 160 | FE9: 161 | FF9: 162 | FG9: 163 | FH9: 164 | FI9: 165 | FJ9: 166 | FK9: 167 | FL9: 168 | FM9: 169 | FN9: 170 | FO9: 171 | FP9: 172 | FQ9: 173 | FR9: 174 | FS9: 175 | FT9: 176 | FU9: 177 | FV9: 178 | FW9: 179 | FX9: 180 | FY9: 181 | FZ9: 182 | GA9: 183 | GB9: 184 | GC9: 185 | GD9: 186 | GE9: 187 | GF9: 188 | GG9: 189 | GH9: 190 | GI9: 191 | GJ9: 192 | GK9: 193 | GL9: 194 | GM9: 195 | GN9: 196 | GO9: 197 | GP9: 198 | GQ9: 199 | GR9: 200 | GS9: 201 | GT9: 202 | GU9: 203 | GV9: 204 | GW9: 205 | GX9: 206 | GY9: 207 | GZ9: 208 | HA9: 209 | HB9: 210 | HC9: 211 | HD9: 212 | HE9: 213 | HF9: 214 | HG9: 215 | HH9: 216 | HI9: 217 | HJ9: 218 | HK9: 219 | HL9: 220 | HM9: 221 | HN9: 222 | HO9: 223 | HP9: 224 | HQ9: 225 | HR9: 226 | HS9: 227 | HT9: 228 | HU9: 229 | HV9: 230 | HW9: 231 | HX9: 232 | HY9: 233 | HZ9: 234 | IA9: 235 | IB9: 236 | IC9: 237 | ID9: 238 | IE9: 239 | IF9: 240 | IG9: 241 | IH9: 242 | II9: 243 | IJ9: 244 | IK9: 245 | IL9: 246 | IM9: 247 | IN9: 248 | IO9: 249 | IP9: 250 | IQ9: 251 | IR9: 252 | IS9: 253 | IT9: 254 | IU9: 255 | IV9: 256 | IW9: 257 | IX9: 258 | IY9: 259 | IZ9: 260 | JA9: 261 | JB9: 262 | JC9: 263 | JD9: 264 | JE9: 265 | JF9: 266 | JG9: 267 | JH9: 268 | JI9: 269 | JJ9: 270 | JK9: 271 | JL9: 272 | JM9: 273 | JN9: 274 | JO9: 275 | JP9: 276 | JQ9: 277 | JR9: 278 | JS9: 279 | JT9: 280 | JU9: 281 | JV9: 282 | JW9: 283 | JX9: 284 | JY9: 285 | JZ9: 286 | KA9: 287 | KB9: 288 | KC9: 289 | KD9: 290 | KE9: 291 | KF9: 292 | KG9: 293 | KH9: 294 | KI9: 295 | KJ9: 296 | KK9: 297 | KL9: 298 | KM9: 299 | KN9: 300 | KO9: 301 | KP9: 302 | KQ9: 303 | KR9: 304 | KS9: 305 | KT9: 306 | KU9: 307 | KV9: 308 | KW9: 309 | KX9: 310 | KY9: 311 | KZ9: 312 | LA9: 313 | LB9: 314 | LC9: 315 | LD9: 316 | LE9: 317 | LF9: 318 | LG9: 319 | LH9: 320 | LI9: 321 | LJ9: 322 | LK9: 323 | LL9: 324 | LM9: 325 | LN9: 326 | LO9: 327 | LP9: 328 | LQ9: 329 | LR9: 330 | LS9: 331 | LT9: 332 | LU9: 333 | LV9: 334 | LW9: 335 | LX9: 336 | LY9: 337 | LZ9: 338 | MA9: 339 | MB9: 340 | MC9: 341 | MD9: 342 | ME9: 343 | MF9: 344 | MG9: 345 | MH9: 346 | MI9: 347 | MJ9: 348 | MK9: 349 | ML9: 350 | MM9: 351 | MN9: 352 | MO9: 353 | MP9: 354 | MQ9: 355 | MR9: 356 | MS9: 357 | MT9: 358 | MU9: 359 | MV9: 360 | MW9: 361 | MX9: 362 | MY9: 363 | MZ9: 364 | NA9: 365 | NB9: 366 | NC9: 367 | ND9: 368 | NE9: 369 | NF9: 370 | NG9: 371 | NH9: 372 | NI9: 373 | NJ9: 374 | NK9: 375 | NL9: 376 | NM9: 377 | NN9: 378 | NO9: 379 | NP9: 380 | NQ9: 381 | NR9: 382 | NS9: 383 | NT9: 384 | NU9: 385 | NV9: 386 | NW9: 387 | NX9: 388 | NY9: 389 | NZ9: 390 | OA9: 391 | OB9: 392 | OC9: 393 | OD9: 394 | OE9: 395 | OF9: 396 | OG9: 397 | OH9: 398 | OI9: 399 | OJ9: 400 | OK9: 401 | OL9: 402 | OM9: 403 | ON9: 404 | OO9: 405 | OP9: 406 | OQ9: 407 | OR9: 408 | OS9: 409 | OT9: 410 | OU9: 411 | OV9: 412 | OW9: 413 | OX9: 414 | OY9: 415 | OZ9: 416 | PA9: 417 | PB9: 418
A10: 1 | B10: ABDULAZEEZ TOHEEB O. | C10: MALE | D10: 30 | E10: 41 | F10: =SUM(D10:E10) -> 71 | G10: =SUM(D10:E10) -> 71 | H10: =IF(G10>=75,"A",IF(G10>=60,"B",IF(G10>=50,"C",IF(G10>=40,"D",IF(G10>=35,"E","F"))))) -> B | I10: =VLOOKUP(RANK(G10,$G$10:$G$109),Sheet1!$A$381:$B$480,2,FALSE) -> 30th | J10: 21 | K10: 20 | L10: =SUM(J10:K10) -> 41 | M10: =SUM(J10:K10) -> 41 | N10: =IF(M10>=75,"A",IF(M10>=60,"B",IF(M10>=50,"C",IF(M10>=40,"D",IF(M10>=35,"E","F"))))) -> D | O10: =VLOOKUP(RANK(M10,$M$10:$M$109),Sheet1!$A$381:$B$480,2,FALSE) -> 84th | P10: 30 | Q10: 28 | R10: =SUM(P10:Q10) -> 58 | S10: =SUM(P10:Q10) -> 58 | T10: =IF(S10>=75,"A",IF(S10>=60,"B",IF(S10>=50,"C",IF(S10>=40,"D",IF(S10>=35,"E","F"))))) -> C | U10: =VLOOKUP(RANK(S10,$S$10:$S$109),Sheet1!$A$381:$B$480,2,FALSE) -> 18th | V10: 25 | W10: 35 | X10: =SUM(V10:W10) -> 60 | Y10: =SUM(V10:W10) -> 60 | Z10: =IF(Y10>=75,"A",IF(Y10>=60,"B",IF(Y10>=50,"C",IF(Y10>=40,"D",IF(Y10>=35,"E","F"))))) -> B | AA10: =VLOOKUP(RANK(Y10,$Y$10:$Y$109),Sheet1!$A$381:$B$480,2,FALSE) -> 34th | AB10: 32 | AC10: 31 | AD10: =SUM(AB10:AC10) -> 63 | AE10: =SUM(AB10:AC10) -> 63 | AF10: =IF(AE10>=75,"A",IF(AE10>=60,"B",IF(AE10>=50,"C",IF(AE10>=40,"D",IF(AE10>=35,"E","F"))))) -> B | AG10: =VLOOKUP(RANK(AE10,$AE$10:$AE$109),Sheet1!$A$381:$B$480,2,FALSE) -> 46th | AJ10: =SUM(AH10:AI10) -> 0 | AK10: =SUM(AH10:AI10) -> 0 | AL10: =IF(AK10>=75,"A",IF(AK10>=60,"B",IF(AK10>=50,"C",IF(AK10>=40,"D",IF(AK10>=35,"E","F"))))) -> F | AM10: =VLOOKUP(RANK(AK10,$AK$10:$AK$109),Sheet1!$A$381:$B$480,2,FALSE) -> 1st | AP10: =SUM(AN10:AO10) -> 0 | AQ10: =SUM(AN10:AO10) -> 0 | AR10: =IF(AQ10>=75,"A",IF(AQ10>=60,"B",IF(AQ10>=50,"C",IF(AQ10>=40,"D",IF(AQ10>=35,"E","F"))))) -> F | AS10: =VLOOKUP(RANK(AQ10,$AQ$10:$AQ$109),Sheet1!$A$381:$B$480,2,FALSE) -> 1st | AT10: 25 | AU10: 25 | AV10: =SUM(AT10:AU10) -> 50 | AW10: =SUM(AT10:AU10) -> 50 | AX10: =IF(AW10>=75,"A",IF(AW10>=60,"B",IF(AW10>=50,"C",IF(AW10>=40,"D",IF(AW10>=35,"E","F"))))) -> C | AY10: =VLOOKUP(RANK(AW10,$AW$10:$AW$109),Sheet1!$A$381:$B$480,2,FALSE) -> 58th | AZ10: 36 | BA10: 34 | BB10: =SUM(AZ10:BA10) -> 70 | BC10: =SUM(AZ10:BA10) -> 70 | BD10: =IF(BC10>=75,"A",IF(BC10>=60,"B",IF(BC10>=50,"C",IF(BC10>=40,"D",IF(BC10>=35,"E","F"))))) -> B | BE10: =VLOOKUP(RANK(BC10,$BC$10:$BC$109),Sheet1!$A$381:$B$480,2,FALSE) -> 10th | BF10: 22 | BG10: 12 | BH10: =SUM(BF10:BG10) -> 34 | BI10: =SUM(BF10:BG10) -> 34 | BJ10: =IF(BI10>=75,"A",IF(BI10>=60,"B",IF(BI10>=50,"C",IF(BI10>=40,"D",IF(BI10>=35,"E","F"))))) -> F | BK10: =VLOOKUP(RANK(BI10,$BI$10:$BI$109),Sheet1!$A$381:$B$480,2,FALSE) -> 53rd | BL10: 25 | BM10: 27 | BN10: =SUM(BL10:BM10) -> 52 | BO10: =SUM(BL10:BM10) -> 52 | BP10: =IF(BO10>=75,"A",IF(BO10>=60,"B",IF(BO10>=50,"C",IF(BO10>=40,"D",IF(BO10>=35,"E","F"))))) -> C | BQ10: =VLOOKUP(RANK(BO10,$BO$10:$BO$109),Sheet1!$A$381:$B$480,2,FALSE) -> 56th | BR10: 27 | BS10: 2 | BT10: =SUM(BR10:BS10) -> 29 | BU10: =SUM(BR10:BS10) -> 29 | BV10: =IF(BU10>=75,"A",IF(BU10>=60,"B",IF(BU10>=50,"C",IF(BU10>=40,"D",IF(BU10>=35,"E","F"))))) -> F | BW10: =VLOOKUP(RANK(BU10,$BU$10:$BU$109),Sheet1!$A$381:$B$480,2,FALSE) -> 97th | BX10: 33 | BY10: 25 | BZ10: =SUM(BX10:BY10) -> 58 | CA10: =SUM(BX10:BY10) -> 58 | CB10: =IF(CA10>=75,"A",IF(CA10>=60,"B",IF(CA10>=50,"C",IF(CA10>=40,"D",IF(CA10>=35,"E","F"))))) -> C | CC10: =VLOOKUP(RANK(CA10,$CA$10:$CA$109),Sheet1!$A$381:$B$480,2,FALSE) -> 5th | CD10: 25 | CE10: 35 | CF10: =SUM(CD10:CE10) -> 60 | CG10: =SUM(CD10:CE10) -> 60 | CH10: =IF(CG10>=75,"A",IF(CG10>=60,"B",IF(CG10>=50,"C",IF(CG10>=40,"D",IF(CG10>=35,"E","F"))))) -> B | CI10: =VLOOKUP(RANK(CG10,$CG$10:$CG$109),Sheet1!$A$381:$B$480,2,FALSE) -> 32nd | CL10: =SUM(CJ10:CK10) -> 0 | CM10: =SUM(CJ10:CK10) -> 0 | CN10: =IF(CM10>=75,"A",IF(CM10>=60,"B",IF(CM10>=50,"C",IF(CM10>=40,"D",IF(CM10>=35,"E","F"))))) -> F | CO10: =VLOOKUP(RANK(CM10,$CM$10:$CM$109),Sheet1!$A$381:$B$480,2,FALSE) -> 1st | CR10: =SUM(CP10:CQ10) -> 0 | CS10: =SUM(CP10:CQ10) -> 0 | CT10: =IF(CS10>=75,"A",IF(CS10>=60,"B",IF(CS10>=50,"C",IF(CS10>=40,"D",IF(CS10>=35,"E","F"))))) -> F | CU10: =VLOOKUP(RANK(CS10,$CS$10:$CS$109),Sheet1!$A$381:$B$480,2,FALSE) -> 1st | CX10: =SUM(CV10:CW10) -> 0 | CY10: =SUM(CV10:CW10) -> 0 | CZ10: =IF(CY10>=75,"A",IF(CY10>=60,"B",IF(CY10>=50,"C",IF(CY10>=40,"D",IF(CY10>=35,"E","F"))))) -> F | DA10: =VLOOKUP(RANK(CY10,$CY$10:$CY$109),Sheet1!$A$381:$B$480,2,FALSE) -> 1st | DC10: =CR10+CL10+CF10+BZ10+BT10+BH10+BB10+AV10+AP10+AJ10+AD10+X10+L10+F10+BN10+R10+CX10 -> 646 | DD10: =DC10/17 -> 38 | DE10: =VLOOKUP(RANK(DD10,$DD$10:$DD$109),Sheet1!$A$381:$B$480,2,FALSE) -> 40th | DF10: =CV10 -> 0 | DG10: =SUM(DC10:DD10) -> 684 | DI10: 19 | DJ10: 51 | DK10: =SUM(DI10:DJ10) -> 70 | DL10: =REPT(G10,1) -> 71 | DM10: =DK10+DL10 -> 141 | DN10: =DM10/2 -> 70.5 | DO10: =IF(DN10>=75,"A",IF(DN10>=60,"B",IF(DN10>=50,"C",IF(DN10>=40,"D",IF(DN10>=35,"E","F"))))) -> B | DP10: =VLOOKUP(RANK(DN10,$DN$10:$DN$109),Sheet1!$A$381:$B$480,2,FALSE) -> 35th | DQ10: 23 | DR10: 24 | DS10: =SUM(DQ10:DR10) -> 47 | DT10: =REPT(M10,1) -> 41 | DU10: =DS10+DT10 -> 88 | DV10: =DU10/2 -> 44 | DW10: =IF(DV10>=75,"A",IF(DV10>=60,"B",IF(DV10>=50,"C",IF(DV10>=40,"D",IF(DV10>=35,"E","F"))))) -> D | DX10: =VLOOKUP(RANK(DV10,$DV$10:$DV$109),Sheet1!$A$381:$B$480,2,FALSE) -> 76th | DY10: 28 | DZ10: 20 | EA10: =SUM(DY10:DZ10) -> 48 | EB10: =REPT(S10,1) -> 58 | EC10: =EA10+EB10 -> 106 | ED10: =EC10/2 -> 53 | EE10: =IF(ED10>=75,"A",IF(ED10>=60,"B",IF(ED10>=50,"C",IF(ED10>=40,"D",IF(ED10>=35,"E","F"))))) -> C | EF10: =VLOOKUP(RANK(ED10,$ED$10:$ED$109),Sheet1!$A$381:$B$480,2,FALSE) -> 29th | EG10: 21 | EH10: 25 | EI10: =SUM(EG10:EH10) -> 46 | EJ10: =REPT(X10,1) -> 60 | EK10: =EI10+EJ10 -> 106 | EL10: =EK10/2 -> 53 | EM10: =IF(EL10>=75,"A",IF(EL10>=60,"B",IF(EL10>=50,"C",IF(EL10>=40,"D",IF(EL10>=35,"E","F"))))) -> C | EN10: =VLOOKUP(RANK(EL10,$EL$10:$EL$109),Sheet1!$A$381:$B$480,2,FALSE) -> 53rd | EO10: 21 | EP10: 16 | EQ10: =SUM(EO10:EP10) -> 37 | ER10: =REPT(AE10,1) -> 63 | ES10: =EQ10+ER10 -> 100 | ET10: =ES10/2 -> 50 | EU10: =IF(ET10>=75,"A",IF(ET10>=60,"B",IF(ET10>=50,"C",IF(ET10>=40,"D",IF(ET10>=35,"E","F"))))) -> C | EV10: =VLOOKUP(RANK(ET10,$ET$10:$ET$109),Sheet1!$A$381:$B$480,2,FALSE) -> 60th | EY10: =SUM(EW10:EX10) -> 0 | EZ10: =REPT(AK10,1) -> 0 | FA10: =EY10+EZ10 -> 0 | FB10: =FA10/2 -> 0 | FC10: =IF(FB10>=75,"A",IF(FB10>=60,"B",IF(FB10>=50,"C",IF(FB10>=40,"D",IF(FB10>=35,"E","F"))))) -> F | FD10: =VLOOKUP(RANK(FB10,$FB$10:$FB$109),Sheet1!$A$381:$B$480,2,FALSE) -> 1st | FG10: =SUM(FE10:FF10) -> 0 | FH10: =REPT(AQ10,1) -> 0 | FI10: =FG10+FH10 -> 0 | FJ10: =FI10/2 -> 0 | FK10: =IF(FJ10>=75,"A",IF(FJ10>=60,"B",IF(FJ10>=50,"C",IF(FJ10>=40,"D",IF(FJ10>=35,"E","F"))))) -> F | FL10: =VLOOKUP(RANK(FJ10,$FJ$10:$FJ$109),Sheet1!$A$381:$B$480,2,FALSE) -> 1st | FM10: 29 | FN10: 21 | FO10: =SUM(FM10:FN10) -> 50 | FP10: =REPT(AW10,1) -> 50 | FQ10: =FO10+FP10 -> 100 | FR10: =FQ10/2 -> 50 | FS10: =IF(FR10>=75,"A",IF(FR10>=60,"B",IF(FR10>=50,"C",IF(FR10>=40,"D",IF(FR10>=35,"E","F"))))) -> C | FT10: =VLOOKUP(RANK(FR10,$FR$10:$FR$109),Sheet1!$A$381:$B$480,2,FALSE) -> 77th | FU10: 24 | FV10: 25 | FW10: =SUM(FU10:FV10) -> 49 | FX10: =REPT(BB10,1) -> 70 | FY10: =FW10+FX10 -> 119 | FZ10: =FY10/2 -> 59.5 | GA10: =IF(FZ10>=75,"A",IF(FZ10>=60,"B",IF(FZ10>=50,"C",IF(FZ10>=40,"D",IF(FZ10>=35,"E","F"))))) -> C | GB10: =VLOOKUP(RANK(FZ10,$FZ$10:$FZ$109),Sheet1!$A$381:$B$480,2,FALSE) -> 1st | GC10: 6 | GD10: 29 | GE10: =SUM(GC10:GD10) -> 35 | GF10: =REPT(BI10,1) -> 34 | GG10: =GE10+GF10 -> 69 | GH10: =GG10/2 -> 34.5 | GI10: =IF(GH10>=75,"A",IF(GH10>=60,"B",IF(GH10>=50,"C",IF(GH10>=40,"D",IF(GH10>=35,"E","F"))))) -> F | GJ10: =VLOOKUP(RANK(GH10,$GH$10:$GH$109),Sheet1!$A$381:$B$480,2,FALSE) -> 62nd | GK10: 26 | GL10: 14 | GM10: =SUM(GK10:GL10) -> 40 | GN10: =REPT(BO10,1) -> 52 | GO10: =GM10+GN10 -> 92 | GP10: =GO10/2 -> 46 | GQ10: =IF(GP10>=75,"A",IF(GP10>=60,"B",IF(GP10>=50,"C",IF(GP10>=40,"D",IF(GP10>=35,"E","F"))))) -> D | GR10: =VLOOKUP(RANK(GP10,$GP$10:$GP$109),Sheet1!$A$381:$B$480,2,FALSE) -> 82nd | GS10: 28 | GT10: 26 | GU10: =SUM(GS10:GT10) -> 54 | GV10: =REPT(BU10,1) -> 29 | GW10: =GU10+GV10 -> 83 | GX10: =GW10/2 -> 41.5 | GY10: =IF(GX10>=75,"A",IF(GX10>=60,"B",IF(GX10>=50,"C",IF(GX10>=40,"D",IF(GX10>=35,"E","F"))))) -> D | GZ10: =VLOOKUP(RANK(GX10,$GX$10:$GX$109),Sheet1!$A$381:$B$480,2,FALSE) -> 69th | HA10: 30 | HB10: 10 | HC10: =SUM(HA10:HB10) -> 40 | HD10: =REPT(CA10,1) -> 58 | HE10: =HC10+HD10 -> 98 | HF10: =HE10/2 -> 49 | HG10: =IF(HF10>=75,"A",IF(HF10>=60,"B",IF(HF10>=50,"C",IF(HF10>=40,"D",IF(HF10>=35,"E","F"))))) -> D | HH10: =VLOOKUP(RANK(HF10,$HF$10:$HF$109),Sheet1!$A$381:$B$480,2,FALSE) -> 11th | HI10: 25 | HJ10: 46 | HK10: =SUM(HI10:HJ10) -> 71 | HL10: =REPT(CG10,1) -> 60 | HM10: =HK10+HL10 -> 131 | HN10: =HM10/2 -> 65.5 | HO10: =IF(HN10>=75,"A",IF(HN10>=60,"B",IF(HN10>=50,"C",IF(HN10>=40,"D",IF(HN10>=35,"E","F"))))) -> B | HP10: =VLOOKUP(RANK(HN10,$HN$10:$HN$109),Sheet1!$A$381:$B$480,2,FALSE) -> 45th | HS10: =SUM(HQ10:HR10) -> 0 | HT10: =REPT(CM10,1) -> 0 | HU10: =HS10+HT10 -> 0 | HV10: =HU10/2 -> 0 | HW10: =IF(HV10>=75,"A",IF(HV10>=60,"B",IF(HV10>=50,"C",IF(HV10>=40,"D",IF(HV10>=35,"E","F"))))) -> F | HX10: =VLOOKUP(RANK(HV10,$HV$10:$HV$109),Sheet1!$A$381:$B$480,2,FALSE) -> 1st | IA10: =SUM(HY10:HZ10) -> 0 | IB10: =REPT(CS10,1) -> 0 | IC10: =IA10+IB10 -> 0 | ID10: =IC10/2 -> 0 | IE10: =IF(ID10>=75,"A",IF(ID10>=60,"B",IF(ID10>=50,"C",IF(ID10>=40,"D",IF(ID10>=35,"E","F"))))) -> F | IF10: =VLOOKUP(RANK(ID10,$ID$10:$ID$109),Sheet1!$A$381:$B$480,2,FALSE) -> 1st | II10: =SUM(IG10:IH10) -> 0 | IJ10: =REPT(CY10,1) -> 0 | IK10: =II10+IJ10 -> 0 | IL10: =IK10/2 -> 0 | IM10: =IF(IL10>=75,"A",IF(IL10>=60,"B",IF(IL10>=50,"C",IF(IL10>=40,"D",IF(IL10>=35,"E","F"))))) -> F | IN10: =VLOOKUP(RANK(IL10,$IL$10:$IL$109),Sheet1!$A$381:$B$480,2,FALSE) -> 1st | IO10: =ID10+HV10+HN10+HF10+GX10+GP10+GH10+FZ10+FR10+FJ10+FB10+ET10+EL10+ED10+DV10+DN10+IL10 -> 616.5 | IP10: =IO10/17 -> 36.264706 | IQ10: =VLOOKUP(RANK(IP10,$IP$10:$IP$109),Sheet1!$A$381:$B$480,2,FALSE) -> 42nd | IZ10: =SUM(IX10:IY10) -> 0 | JA10: =REPT(G10,1) -> 71 | JB10: =REPT(DK10,1) -> 70 | JC10: =IZ10+JA10+JB10 -> 141 | JD10: =JC10/3 -> 47 | JE10: =IF(JD10>=75,"A",IF(JD10>=60,"B",IF(JD10>=50,"C",IF(JD10>=40,"D",IF(JD10>=35,"E","F"))))) -> D | JF10: =VLOOKUP(RANK(JD10,$JD$10:$JD$109),Sheet1!$A$381:$B$480,2,FALSE) -> 35th | JI10: =SUM(JG10:JH10) -> 0 | JJ10: =REPT(M10,1) -> 41 | JK10: =REPT(DS10,1) -> 47 | JL10: =JI10+JJ10+JK10 -> 88 | JM10: =JL10/3 -> 29.333333 | JN10: =IF(JM10>=75,"A",IF(JM10>=60,"B",IF(JM10>=50,"C",IF(JM10>=40,"D",IF(JM10>=35,"E","F"))))) -> F | JO10: =VLOOKUP(RANK(JM10,$JM$10:$JM$109),Sheet1!$A$381:$B$480,2,FALSE) -> 76th | JR10: =SUM(JP10:JQ10) -> 0 | JS10: =REPT(S10,1) -> 58 | JT10: =REPT(EA10,1) -> 48 | JU10: =JR10+JS10+JT10 -> 106 | JV10: =JU10/3 -> 35.333333 | JW10: =IF(JV10>=75,"A",IF(JV10>=60,"B",IF(JV10>=50,"C",IF(JV10>=40,"D",IF(JV10>=35,"E","F"))))) -> E | JX10: =VLOOKUP(RANK(JV10,$JV$10:$JV$109),Sheet1!$A$381:$B$480,2,FALSE) -> 29th | KA10: =SUM(JY10:JZ10) -> 0 | KB10: =REPT(X10,1) -> 60 | KC10: =REPT(EI10,1) -> 46 | KD10: =KA10+KB10+KC10 -> 106 | KE10: =KD10/3 -> 35.333333 | KF10: =IF(KE10>=75,"A",IF(KE10>=60,"B",IF(KE10>=50,"C",IF(KE10>=40,"D",IF(KE10>=35,"E","F"))))) -> E | KG10: =VLOOKUP(RANK(KE10,$KE$10:$KE$109),Sheet1!$A$381:$B$480,2,FALSE) -> 53rd | KJ10: =SUM(KH10:KI10) -> 0 | KK10: =REPT(AD10,1) -> 63 | KL10: =REPT(EQ10,1) -> 37 | KM10: =KJ10+KK10+KL10 -> 100 | KN10: =KM10/3 -> 33.333333 | KO10: =IF(KN10>=75,"A",IF(KN10>=60,"B",IF(KN10>=50,"C",IF(KN10>=40,"D",IF(KN10>=35,"E","F"))))) -> F | KP10: =VLOOKUP(RANK(KN10,$KN$10:$KN$109),Sheet1!$A$381:$B$480,2,FALSE) -> 60th | KS10: =SUM(KQ10:KR10) -> 0 | KT10: =REPT(AK10,1) -> 0 | KU10: =REPT(EY10,1) -> 0 | KV10: =KS10+KT10+KU10 -> 0 | KW10: =KV10/3 -> 0 | KX10: =IF(KW10>=75,"A",IF(KW10>=60,"B",IF(KW10>=50,"C",IF(KW10>=40,"D",IF(KW10>=35,"E","F"))))) -> F | KY10: =VLOOKUP(RANK(KW10,$KW$10:$KW$109),Sheet1!$A$381:$B$480,2,FALSE) -> 1st | LB10: =SUM(KZ10:LA10) -> 0 | LC10: =REPT(AQ10,1) -> 0 | LD10: =REPT(FG10,1) -> 0 | LE10: =LB10+LC10+LD10 -> 0 | LF10: =LE10/3 -> 0 | LG10: =IF(LF10>=75,"A",IF(LF10>=60,"B",IF(LF10>=50,"C",IF(LF10>=40,"D",IF(LF10>=35,"E","F"))))) -> F | LH10: =VLOOKUP(RANK(LF10,$LF$10:$LF$109),Sheet1!$A$381:$B$480,2,FALSE) -> 1st | LK10: =SUM(LI10:LJ10) -> 0 | LL10: =REPT(AW10,1) -> 50 | LM10: =REPT(FO10,1) -> 50 | LN10: =LK10+LL10+LM10 -> 100 | LO10: =LN10/3 -> 33.333333 | LP10: =IF(LO10>=75,"A",IF(LO10>=60,"B",IF(LO10>=50,"C",IF(LO10>=40,"D",IF(LO10>=35,"E","F"))))) -> F | LQ10: =VLOOKUP(RANK(LO10,$LO$10:$LO$109),Sheet1!$A$381:$B$480,2,FALSE) -> 77th | LT10: =SUM(LR10:LS10) -> 0 | LU10: =REPT(BB10,1) -> 70 | LV10: =REPT(FW10,1) -> 49 | LW10: =LT10+LV10+LU10 -> 119 | LX10: =LW10/3 -> 39.666667 | LY10: =IF(LX10>=75,"A",IF(LX10>=60,"B",IF(LX10>=50,"C",IF(LX10>=40,"D",IF(LX10>=35,"E","F"))))) -> E | LZ10: =VLOOKUP(RANK(LX10,$LX$10:$LX$109),Sheet1!$A$381:$B$480,2,FALSE) -> 22nd | MC10: =SUM(MA10:MB10) -> 0 | MD10: =REPT(BI10,1) -> 34 | ME10: =REPT(GE10,1) -> 35 | MF10: =MC10+MD10+ME10 -> 69 | MG10: =MF10/3 -> 23 | MH10: =IF(MG10>=75,"A",IF(MG10>=60,"B",IF(MG10>=50,"C",IF(MG10>=40,"D",IF(MG10>=35,"E","F"))))) -> F | MI10: =VLOOKUP(RANK(MG10,$MG$10:$MG$109),Sheet1!$A$381:$B$480,2,FALSE) -> 62nd | ML10: =SUM(MJ10:MK10) -> 0 | MM10: =REPT(BO10,1) -> 52 | MN10: =REPT(GM10,1) -> 40 | MO10: =ML10+MM10+MN10 -> 92 | MP10: =MO10/3 -> 30.666667 | MQ10: =IF(MP10>=75,"A",IF(MP10>=60,"B",IF(MP10>=50,"C",IF(MP10>=40,"D",IF(MP10>=35,"E","F"))))) -> F | MR10: =VLOOKUP(RANK(MP10,$MP$10:$MP$109),Sheet1!$A$381:$B$480,2,FALSE) -> 82nd | MU10: =SUM(MS10:MT10) -> 0 | MV10: =REPT(BU10,1) -> 29 | MW10: =REPT(GU10,1) -> 54 | MX10: =MU10+MV10+MW10 -> 83 | MY10: =MX10/3 -> 27.666667 | MZ10: =IF(MY10>=75,"A",IF(MY10>=60,"B",IF(MY10>=50,"C",IF(MY10>=40,"D",IF(MY10>=35,"E","F"))))) -> F | NA10: =VLOOKUP(RANK(MY10,$MY$10:$MY$109),Sheet1!$A$381:$B$480,2,FALSE) -> 69th | ND10: =SUM(NB10:NC10) -> 0 | NE10: =REPT(CA10,1) -> 58 | NF10: =REPT(HC10,1) -> 40 | NG10: =ND10+NF10+NE10 -> 98 | NH10: =NG10/3 -> 32.666667 | NI10: =IF(NH10>=75,"A",IF(NH10>=60,"B",IF(NH10>=50,"C",IF(NH10>=40,"D",IF(NH10>=35,"E","F"))))) -> F | NJ10: =VLOOKUP(RANK(NH10,$NH$10:$NH$109),Sheet1!$A$381:$B$480,2,FALSE) -> 11th | NM10: =SUM(NK10:NL10) -> 0 | NN10: =REPT(CG10,1) -> 60 | NO10: =REPT(HK10,1) -> 71 | NP10: =NM10+NO10+NN10 -> 131 | NQ10: =NP10/3 -> 43.666667 | NR10: =IF(NQ10>=75,"A",IF(NQ10>=60,"B",IF(NQ10>=50,"C",IF(NQ10>=40,"D",IF(NQ10>=35,"E","F"))))) -> D | NS10: =VLOOKUP(RANK(NQ10,$NQ$10:$NQ$109),Sheet1!$A$381:$B$480,2,FALSE) -> 45th | NV10: =SUM(NT10:NU10) -> 0 | NW10: =REPT(CM10,1) -> 0 | NX10: =REPT(HS10,1) -> 0 | NY10: =NV10+NX10+NW10 -> 0 | NZ10: =NY10/3 -> 0 | OA10: =IF(NZ10>=75,"A",IF(NZ10>=60,"B",IF(NZ10>=50,"C",IF(NZ10>=40,"D",IF(NZ10>=35,"E","F"))))) -> F | OB10: =VLOOKUP(RANK(NZ10,$NZ$10:$NZ$109),Sheet1!$A$381:$B$480,2,FALSE) -> 1st | OE10: =SUM(OC10:OD10) -> 0 | OF10: =REPT(CS10,1) -> 0 | OG10: =REPT(IA10,1) -> 0 | OH10: =OE10+OG10+OF10 -> 0 | OI10: =OH10/3 -> 0 | OJ10: =IF(OI10>=75,"A",IF(OI10>=60,"B",IF(OI10>=50,"C",IF(OI10>=40,"D",IF(OI10>=35,"E","F"))))) -> F | OK10: =VLOOKUP(RANK(OI10,$OI$10:$OI$109),Sheet1!$A$381:$B$480,2,FALSE) -> 1st | ON10: =SUM(OL10:OM10) -> 0 | OO10: =REPT(CY10,1) -> 0 | OP10: =REPT(IL10,1) -> 0 | OQ10: =ON10+OP10+OO10 -> 0 | OR10: =OQ10/3 -> 0 | OS10: =IF(OR10>=75,"A",IF(OR10>=60,"B",IF(OR10>=50,"C",IF(OR10>=40,"D",IF(OR10>=35,"E","F"))))) -> F | OT10: =VLOOKUP(RANK(OR10,$OI$10:$OI$109),Sheet1!$A$381:$B$480,2,FALSE) -> 1st | OU10: =(OI10+NZ10+NQ10+NH10+MY10+MP10+MG10+LX10+LO10+LF10+KW10+KN10+KE10+JV10+JM10+JD10+OR10) -> 411 | OV10: =(OI10+NZ10+NQ10+NH10+MY10+MP10+MG10+LX10+LO10+LF10+KW10+KN10+KE10+JV10+JM10+JD10)/17 -> 24.176471 | OW10: =VLOOKUP(RANK(OV10,$OV$10:$OV$109),Sheet1!$A$381:$B$480,2,FALSE) -> 49th
A11: 2 | B11: ABIODUN OLAMIDE Q. | C11: MALE | D11: 31 | E11: 39 | F11: =SUM(D11:E11) -> 70 | G11: =SUM(D11:E11) -> 70 | H11: =IF(G11>=75,"A",IF(G11>=60,"B",IF(G11>=50,"C",IF(G11>=40,"D",IF(G11>=35,"E","F"))))) -> B | I11: =VLOOKUP(RANK(G11,$G$10:$G$109),Sheet1!$A$381:$B$480,2,FALSE) -> 36th | J11: 25 | K11: 20 | L11: =SUM(J11:K11) -> 45 | M11: =SUM(J11:K11) -> 45 | N11: =IF(M11>=75,"A",IF(M11>=60,"B",IF(M11>=50,"C",IF(M11>=40,"D",IF(M11>=35,"E","F"))))) -> D | O11: =VLOOKUP(RANK(M11,$M$10:$M$109),Sheet1!$A$381:$B$480,2,FALSE) -> 79th | P11: 29 | Q11: 5 | R11: =SUM(P11:Q11) -> 34 | S11: =SUM(P11:Q11) -> 34 | T11: =IF(S11>=75,"A",IF(S11>=60,"B",IF(S11>=50,"C",IF(S11>=40,"D",IF(S11>=35,"E","F"))))) -> F | U11: =VLOOKUP(RANK(S11,$S$10:$S$109),Sheet1!$A$381:$B$480,2,FALSE) -> 74th | V11: 36 | W11: 13 | X11: =SUM(V11:W11) -> 49 | Y11: =SUM(V11:W11) -> 49 | Z11: =IF(Y11>=75,"A",IF(Y11>=60,"B",IF(Y11>=50,"C",IF(Y11>=40,"D",IF(Y11>=35,"E","F"))))) -> D | AA11: =VLOOKUP(RANK(Y11,$Y$10:$Y$109),Sheet1!$A$381:$B$480,2,FALSE) -> 71st | AB11: 28 | AC11: 12 | AD11: =SUM(AB11:AC11) -> 40 | AE11: =SUM(AB11:AC11) -> 40 | AF11: =IF(AE11>=75,"A",IF(AE11>=60,"B",IF(AE11>=50,"C",IF(AE11>=40,"D",IF(AE11>=35,"E","F"))))) -> D | AG11: =VLOOKUP(RANK(AE11,$AE$10:$AE$109),Sheet1!$A$381:$B$480,2,FALSE) -> 78th | AJ11: =SUM(AH11:AI11) -> 0 | AK11: =SUM(AH11:AI11) -> 0 | AL11: =IF(AK11>=75,"A",IF(AK11>=60,"B",IF(AK11>=50,"C",IF(AK11>=40,"D",IF(AK11>=35,"E","F"))))) -> F | AM11: =VLOOKUP(RANK(AK11,$AK$10:$AK$109),Sheet1!$A$381:$B$480,2,FALSE) -> 1st | AP11: =SUM(AN11:AO11) -> 0 | AQ11: =SUM(AN11:AO11) -> 0 | AR11: =IF(AQ11>=75,"A",IF(AQ11>=60,"B",IF(AQ11>=50,"C",IF(AQ11>=40,"D",IF(AQ11>=35,"E","F"))))) -> F | AS11: =VLOOKUP(RANK(AQ11,$AQ$10:$AQ$109),Sheet1!$A$381:$B$480,2,FALSE) -> 1st | AT11: 25 | AU11: 30 | AV11: =SUM(AT11:AU11) -> 55 | AW11: =SUM(AT11:AU11) -> 55 | AX11: =IF(AW11>=75,"A",IF(AW11>=60,"B",IF(AW11>=50,"C",IF(AW11>=40,"D",IF(AW11>=35,"E","F"))))) -> C | AY11: =VLOOKUP(RANK(AW11,$AW$10:$AW$109),Sheet1!$A$381:$B$480,2,FALSE) -> 21st | AZ11: 34 | BA11: 25 | BB11: =SUM(AZ11:BA11) -> 59 | BC11: =SUM(AZ11:BA11) -> 59 | BD11: =IF(BC11>=75,"A",IF(BC11>=60,"B",IF(BC11>=50,"C",IF(BC11>=40,"D",IF(BC11>=35,"E","F"))))) -> C | BE11: =VLOOKUP(RANK(BC11,$BC$10:$BC$109),Sheet1!$A$381:$B$480,2,FALSE) -> 32nd | BF11: 13 | BG11: 14 | BH11: =SUM(BF11:BG11) -> 27 | BI11: =SUM(BF11:BG11) -> 27 | BJ11: =IF(BI11>=75,"A",IF(BI11>=60,"B",IF(BI11>=50,"C",IF(BI11>=40,"D",IF(BI11>=35,"E","F"))))) -> F | BK11: =VLOOKUP(RANK(BI11,$BI$10:$BI$109),Sheet1!$A$381:$B$480,2,FALSE) -> 74th | BL11: 26 | BM11: 28 | BN11: =SUM(BL11:BM11) -> 54 | BO11: =SUM(BL11:BM11) -> 54 | BP11: =IF(BO11>=75,"A",IF(BO11>=60,"B",IF(BO11>=50,"C",IF(BO11>=40,"D",IF(BO11>=35,"E","F"))))) -> C | BQ11: =VLOOKUP(RANK(BO11,$BO$10:$BO$109),Sheet1!$A$381:$B$480,2,FALSE) -> 23rd | BR11: 26 | BS11: 6 | BT11: =SUM(BR11:BS11) -> 32 | BU11: =SUM(BR11:BS11) -> 32 | BV11: =IF(BU11>=75,"A",IF(BU11>=60,"B",IF(BU11>=50,"C",IF(BU11>=40,"D",IF(BU11>=35,"E","F"))))) -> F | BW11: =VLOOKUP(RANK(BU11,$BU$10:$BU$109),Sheet1!$A$381:$B$480,2,FALSE) -> 88th | BX11: 34 | BY11: 10 | BZ11: =SUM(BX11:BY11) -> 44 | CA11: =SUM(BX11:BY11) -> 44 | CB11: =IF(CA11>=75,"A",IF(CA11>=60,"B",IF(CA11>=50,"C",IF(CA11>=40,"D",IF(CA11>=35,"E","F"))))) -> D | CC11: =VLOOKUP(RANK(CA11,$CA$10:$CA$109),Sheet1!$A$381:$B$480,2,FALSE) -> 20th | CD11: 30 | CE11: 45 | CF11: =SUM(CD11:CE11) -> 75 | CG11: =SUM(CD11:CE11) -> 75 | CH11: =IF(CG11>=75,"A",IF(CG11>=60,"B",IF(CG11>=50,"C",IF(CG11>=40,"D",IF(CG11>=35,"E","F"))))) -> A | CI11: =VLOOKUP(RANK(CG11,$CG$10:$CG$109),Sheet1!$A$381:$B$480,2,FALSE) -> 12th | CL11: =SUM(CJ11:CK11) -> 0 | CM11: =SUM(CJ11:CK11) -> 0 | CN11: =IF(CM11>=75,"A",IF(CM11>=60,"B",IF(CM11>=50,"C",IF(CM11>=40,"D",IF(CM11>=35,"E","F"))))) -> F | CO11: =VLOOKUP(RANK(CM11,$CM$10:$CM$109),Sheet1!$A$381:$B$480,2,FALSE) -> 1st | CR11: =SUM(CP11:CQ11) -> 0 | CS11: =SUM(CP11:CQ11) -> 0 | CT11: =IF(CS11>=75,"A",IF(CS11>=60,"B",IF(CS11>=50,"C",IF(CS11>=40,"D",IF(CS11>=35,"E","F"))))) -> F | CU11: =VLOOKUP(RANK(CS11,$CS$10:$CS$109),Sheet1!$A$381:$B$480,2,FALSE) -> 1st | CX11: =SUM(CV11:CW11) -> 0 | CY11: =SUM(CV11:CW11) -> 0 | CZ11: =IF(CY11>=75,"A",IF(CY11>=60,"B",IF(CY11>=50,"C",IF(CY11>=40,"D",IF(CY11>=35,"E","F"))))) -> F | DA11: =VLOOKUP(RANK(CY11,$CY$10:$CY$109),Sheet1!$A$381:$B$480,2,FALSE) -> 1st | DC11: =CR11+CL11+CF11+BZ11+BT11+BH11+BB11+AV11+AP11+AJ11+AD11+X11+L11+F11+BN11+R11+CX11 -> 584 | DD11: =DC11/17 -> 34.352941 | DE11: =VLOOKUP(RANK(DD11,$DD$10:$DD$109),Sheet1!$A$381:$B$480,2,FALSE) -> 62nd | DG11: =SUM(DC11:DD11) -> 618.35294 | DI11: 18 | DJ11: 35 | DK11: =SUM(DI11:DJ11) -> 53 | DL11: =REPT(G11,1) -> 70 | DM11: =DK11+DL11 -> 123 | DN11: =DM11/2 -> 61.5 | DO11: =IF(DN11>=75,"A",IF(DN11>=60,"B",IF(DN11>=50,"C",IF(DN11>=40,"D",IF(DN11>=35,"E","F"))))) -> B | DP11: =VLOOKUP(RANK(DN11,$DN$10:$DN$109),Sheet1!$A$381:$B$480,2,FALSE) -> 72nd | DQ11: 20 | DR11: 15 | DS11: =SUM(DQ11:DR11) -> 35 | DT11: =REPT(M11,1) -> 45 | DU11: =DS11+DT11 -> 80 | DV11: =DU11/2 -> 40 | DW11: =IF(DV11>=75,"A",IF(DV11>=60,"B",IF(DV11>=50,"C",IF(DV11>=40,"D",IF(DV11>=35,"E","F"))))) -> D | DX11: =VLOOKUP(RANK(DV11,$DV$10:$DV$109),Sheet1!$A$381:$B$480,2,FALSE) -> 84th | DY11: 27 | DZ11: 21 | EA11: =SUM(DY11:DZ11) -> 48 | EB11: =REPT(S11,1) -> 34 | EC11: =EA11+EB11 -> 82 | ED11: =EC11/2 -> 41 | EE11: =IF(ED11>=75,"A",IF(ED11>=60,"B",IF(ED11>=50,"C",IF(ED11>=40,"D",IF(ED11>=35,"E","F"))))) -> D | EF11: =VLOOKUP(RANK(ED11,$ED$10:$ED$109),Sheet1!$A$381:$B$480,2,FALSE) -> 65th | EG11: 21 | EH11: 33 | EI11: =SUM(EG11:EH11) -> 54 | EJ11: =REPT(X11,1) -> 49 | EK11: =EI11+EJ11 -> 103 | EL11: =EK11/2 -> 51.5 | EM11: =IF(EL11>=75,"A",IF(EL11>=60,"B",IF(EL11>=50,"C",IF(EL11>=40,"D",IF(EL11>=35,"E","F"))))) -> C | EN11: =VLOOKUP(RANK(EL11,$EL$10:$EL$109),Sheet1!$A$381:$B$480,2,FALSE) -> 57th | EO11: 27 | EP11: 22 | EQ11: =SUM(EO11:EP11) -> 49 | ER11: =REPT(AE11,1) -> 40 | ES11: =EQ11+ER11 -> 89 | ET11: =ES11/2 -> 44.5 | EU11: =IF(ET11>=75,"A",IF(ET11>=60,"B",IF(ET11>=50,"C",IF(ET11>=40,"D",IF(ET11>=35,"E","F"))))) -> D | EV11: =VLOOKUP(RANK(ET11,$ET$10:$ET$109),Sheet1!$A$381:$B$480,2,FALSE) -> 69th | EY11: =SUM(EW11:EX11) -> 0 | EZ11: =REPT(AK11,1) -> 0 | FA11: =EY11+EZ11 -> 0 | FB11: =FA11/2 -> 0 | FC11: =IF(FB11>=75,"A",IF(FB11>=60,"B",IF(FB11>=50,"C",IF(FB11>=40,"D",IF(FB11>=35,"E","F"))))) -> F | FD11: =VLOOKUP(RANK(FB11,$FB$10:$FB$109),Sheet1!$A$381:$B$480,2,FALSE) -> 1st | FG11: =SUM(FE11:FF11) -> 0 | FH11: =REPT(AQ11,1) -> 0 | FI11: =FG11+FH11 -> 0 | FJ11: =FI11/2 -> 0 | FK11: =IF(FJ11>=75,"A",IF(FJ11>=60,"B",IF(FJ11>=50,"C",IF(FJ11>=40,"D",IF(FJ11>=35,"E","F"))))) -> F | FL11: =VLOOKUP(RANK(FJ11,$FJ$10:$FJ$109),Sheet1!$A$381:$B$480,2,FALSE) -> 1st | FM11: 26 | FN11: 24 | FO11: =SUM(FM11:FN11) -> 50 | FP11: =REPT(AW11,1) -> 55 | FQ11: =FO11+FP11 -> 105 | FR11: =FQ11/2 -> 52.5 | FS11: =IF(FR11>=75,"A",IF(FR11>=60,"B",IF(FR11>=50,"C",IF(FR11>=40,"D",IF(FR11>=35,"E","F"))))) -> C | FT11: =VLOOKUP(RANK(FR11,$FR$10:$FR$109),Sheet1!$A$381:$B$480,2,FALSE) -> 40th | FU11: 38 | FV11: 30 | FW11: =SUM(FU11:FV11) -> 68 | FX11: =REPT(BB11,1) -> 59 | FY11: =SUM(FW11:FX11) -> 68 | FZ11: =FY11/2 -> 34 | GA11: =IF(FZ11>=75,"A",IF(FZ11>=60,"B",IF(FZ11>=50,"C",IF(FZ11>=40,"D",IF(FZ11>=35,"E","F"))))) -> F | GB11: =VLOOKUP(RANK(FZ11,$FZ$10:$FZ$109),Sheet1!$A$381:$B$480,2,FALSE) -> 4th | GC11: 22 | GD11: 26 | GE11: =SUM(GC11:GD11) -> 48 | GF11: =REPT(BI11,1) -> 27 | GG11: =GE11+GF11 -> 75 | GH11: =GG11/2 -> 37.5 | GI11: =IF(GH11>=75,"A",IF(GH11>=60,"B",IF(GH11>=50,"C",IF(GH11>=40,"D",IF(GH11>=35,"E","F"))))) -> E | GJ11: =VLOOKUP(RANK(GH11,$GH$10:$GH$109),Sheet1!$A$381:$B$480,2,FALSE) -> 53rd | GK11: 25 | GL11: 17 | GM11: =SUM(GK11:GL11) -> 42 | GN11: =REPT(BO11,1) -> 54 | GO11: =GM11+GN11 -> 96 | GP11: =GO11/2 -> 48 | GQ11: =IF(GP11>=75,"A",IF(GP11>=60,"B",IF(GP11>=50,"C",IF(GP11>=40,"D",IF(GP11>=35,"E","F"))))) -> D | GR11: =VLOOKUP(RANK(GP11,$GP$10:$GP$109),Sheet1!$A$381:$B$480,2,FALSE) -> 45th | GS11: 27 | GT11: 28 | GU11: =SUM(GS11:GT11) -> 55 | GV11: =REPT(BU11,1) -> 32 | GW11: =GU11+GV11 -> 87 | GX11: =GW11/2 -> 43.5 | GY11: =IF(GX11>=75,"A",IF(GX11>=60,"B",IF(GX11>=50,"C",IF(GX11>=40,"D",IF(GX11>=35,"E","F"))))) -> D | GZ11: =VLOOKUP(RANK(GX11,$GX$10:$GX$109),Sheet1!$A$381:$B$480,2,FALSE) -> 66th | HA11: 32 | HB11: 14 | HC11: =SUM(HA11:HB11) -> 46 | HD11: =REPT(CA11,1) -> 44 | HE11: =HC11+HD11 -> 90 | HF11: =HE11/2 -> 45 | HG11: =IF(HF11>=75,"A",IF(HF11>=60,"B",IF(HF11>=50,"C",IF(HF11>=40,"D",IF(HF11>=35,"E","F"))))) -> D | HH11: =VLOOKUP(RANK(HF11,$HF$10:$HF$109),Sheet1!$A$381:$B$480,2,FALSE) -> 23rd | HI11: 26 | HJ11: 41 | HK11: =SUM(HI11:HJ11) -> 67 | HL11: =REPT(CG11,1) -> 75 | HM11: =HK11+HL11 -> 142 | HN11: =HM11/2 -> 71 | HO11: =IF(HN11>=75,"A",IF(HN11>=60,"B",IF(HN11>=50,"C",IF(HN11>=40,"D",IF(HN11>=35,"E","F"))))) -> B | HP11: =VLOOKUP(RANK(HN11,$HN$10:$HN$109),Sheet1!$A$381:$B$480,2,FALSE) -> 23rd | HS11: =SUM(HQ11:HR11) -> 0 | HT11: =REPT(CM11,1) -> 0 | HU11: =HS11+HT11 -> 0 | HV11: =HU11/2 -> 0 | HW11: =IF(HV11>=75,"A",IF(HV11>=60,"B",IF(HV11>=50,"C",IF(HV11>=40,"D",IF(HV11>=35,"E","F"))))) -> F | HX11: =VLOOKUP(RANK(HV11,$HV$10:$HV$109),Sheet1!$A$381:$B$480,2,FALSE) -> 1st | IA11: =SUM(HY11:HZ11) -> 0 | IB11: =REPT(CS11,1) -> 0 | IC11: =IA11+IB11 -> 0 | ID11: =IC11/2 -> 0 | IE11: =IF(ID11>=75,"A",IF(ID11>=60,"B",IF(ID11>=50,"C",IF(ID11>=40,"D",IF(ID11>=35,"E","F"))))) -> F | IF11: =VLOOKUP(RANK(ID11,$ID$10:$ID$109),Sheet1!$A$381:$B$480,2,FALSE) -> 1st | II11: =SUM(IG11:IH11) -> 0 | IJ11: =REPT(CY11,1) -> 0 | IK11: =II11+IJ11 -> 0 | IL11: =IK11/2 -> 0 | IM11: =IF(IL11>=75,"A",IF(IL11>=60,"B",IF(IL11>=50,"C",IF(IL11>=40,"D",IF(IL11>=35,"E","F"))))) -> F | IN11: =VLOOKUP(RANK(IL11,$IL$10:$IL$109),Sheet1!$A$381:$B$480,2,FALSE) -> 1st | IO11: =ID11+HV11+HN11+HF11+GX11+GP11+GH11+FZ11+FR11+FJ11+FB11+ET11+EL11+ED11+DV11+DN11+IL11 -> 570 | IP11: =IO11/17 -> 33.529412 | IQ11: =VLOOKUP(RANK(IP11,$IP$10:$IP$109),Sheet1!$A$381:$B$480,2,FALSE) -> 56th | IZ11: =SUM(IX11:IY11) -> 0 | JA11: =REPT(G11,1) -> 70 | JB11: =REPT(DK11,1) -> 53 | JC11: =IZ11+JA11+JB11 -> 123 | JD11: =JC11/3 -> 41 | JE11: =IF(JD11>=75,"A",IF(JD11>=60,"B",IF(JD11>=50,"C",IF(JD11>=40,"D",IF(JD11>=35,"E","F"))))) -> D | JF11: =VLOOKUP(RANK(JD11,$JD$10:$JD$109),Sheet1!$A$381:$B$480,2,FALSE) -> 72nd | JI11: =SUM(JG11:JH11) -> 0 | JJ11: =REPT(M11,1) -> 45 | JK11: =REPT(DS11,1) -> 35 | JL11: =JI11+JJ11+JK11 -> 80 | JM11: =JL11/3 -> 26.666667 | JN11: =IF(JM11>=75,"A",IF(JM11>=60,"B",IF(JM11>=50,"C",IF(JM11>=40,"D",IF(JM11>=35,"E","F"))))) -> F | JO11: =VLOOKUP(RANK(JM11,$JM$10:$JM$109),Sheet1!$A$381:$B$480,2,FALSE) -> 84th | JR11: =SUM(JP11:JQ11) -> 0 | JS11: =REPT(S11,1) -> 34 | JT11: =REPT(EA11,1) -> 48 | JU11: =JR11+JS11+JT11 -> 82 | JV11: =JU11/3 -> 27.333333 | JW11: =IF(JV11>=75,"A",IF(JV11>=60,"B",IF(JV11>=50,"C",IF(JV11>=40,"D",IF(JV11>=35,"E","F"))))) -> F | JX11: =VLOOKUP(RANK(JV11,$JV$10:$JV$109),Sheet1!$A$381:$B$480,2,FALSE) -> 65th | KA11: =SUM(JY11:JZ11) -> 0 | KB11: =REPT(X11,1) -> 49 | KC11: =REPT(EI11,1) -> 54 | KD11: =KA11+KB11+KC11 -> 103 | KE11: =KD11/3 -> 34.333333 | KF11: =IF(KE11>=75,"A",IF(KE11>=60,"B",IF(KE11>=50,"C",IF(KE11>=40,"D",IF(KE11>=35,"E","F"))))) -> F | KG11: =VLOOKUP(RANK(KE11,$KE$10:$KE$109),Sheet1!$A$381:$B$480,2,FALSE) -> 57th | KJ11: =SUM(KH11:KI11) -> 0 | KK11: =REPT(AD11,1) -> 40 | KL11: =REPT(EQ11,1) -> 49 | KM11: =KJ11+KK11+KL11 -> 89 | KN11: =KM11/3 -> 29.666667 | KO11: =IF(KN11>=75,"A",IF(KN11>=60,"B",IF(KN11>=50,"C",IF(KN11>=40,"D",IF(KN11>=35,"E","F"))))) -> F | KP11: =VLOOKUP(RANK(KN11,$KN$10:$KN$109),Sheet1!$A$381:$B$480,2,FALSE) -> 69th | KS11: =SUM(KQ11:KR11) -> 0 | KT11: =REPT(AK11,1) -> 0 | KU11: =REPT(EY11,1) -> 0 | KV11: =KS11+KT11+KU11 -> 0 | KW11: =KV11/3 -> 0 | KX11: =IF(KW11>=75,"A",IF(KW11>=60,"B",IF(KW11>=50,"C",IF(KW11>=40,"D",IF(KW11>=35,"E","F"))))) -> F | KY11: =VLOOKUP(RANK(KW11,$KW$10:$KW$109),Sheet1!$A$381:$B$480,2,FALSE) -> 1st | LB11: =SUM(KZ11:LA11) -> 0 | LC11: =REPT(AQ11,1) -> 0 | LD11: =REPT(FG11,1) -> 0 | LE11: =LB11+LC11+LD11 -> 0 | LF11: =LE11/3 -> 0 | LG11: =IF(LF11>=75,"A",IF(LF11>=60,"B",IF(LF11>=50,"C",IF(LF11>=40,"D",IF(LF11>=35,"E","F"))))) -> F | LH11: =VLOOKUP(RANK(LF11,$LF$10:$LF$109),Sheet1!$A$381:$B$480,2,FALSE) -> 1st | LK11: =SUM(LI11:LJ11) -> 0 | LL11: =REPT(AW11,1) -> 55 | LM11: =REPT(FO11,1) -> 50 | LN11: =LK11+LL11+LM11 -> 105 | LO11: =LN11/3 -> 35 | LP11: =IF(LO11>=75,"A",IF(LO11>=60,"B",IF(LO11>=50,"C",IF(LO11>=40,"D",IF(LO11>=35,"E","F"))))) -> E | LQ11: =VLOOKUP(RANK(LO11,$LO$10:$LO$109),Sheet1!$A$381:$B$480,2,FALSE) -> 40th | LT11: =SUM(LR11:LS11) -> 0 | LU11: =REPT(BB11,1) -> 59 | LV11: =REPT(FW11,1) -> 68 | LW11: =LT11+LV11+LU11 -> 127 | LX11: =LW11/3 -> 42.333333 | LY11: =IF(LX11>=75,"A",IF(LX11>=60,"B",IF(LX11>=50,"C",IF(LX11>=40,"D",IF(LX11>=35,"E","F"))))) -> D | LZ11: =VLOOKUP(RANK(LX11,$LX$10:$LX$109),Sheet1!$A$381:$B$480,2,FALSE) -> 9th | MC11: =SUM(MA11:MB11) -> 0 | MD11: =REPT(BI11,1) -> 27 | ME11: =REPT(GE11,1) -> 48 | MF11: =MC11+MD11+ME11 -> 75 | MG11: =MF11/3 -> 25 | MH11: =IF(MG11>=75,"A",IF(MG11>=60,"B",IF(MG11>=50,"C",IF(MG11>=40,"D",IF(MG11>=35,"E","F"))))) -> F | MI11: =VLOOKUP(RANK(MG11,$MG$10:$MG$109),Sheet1!$A$381:$B$480,2,FALSE) -> 53rd | ML11: =SUM(MJ11:MK11) -> 0 | MM11: =REPT(BO11,1) -> 54 | MN11: =REPT(GM11,1) -> 42 | MO11: =ML11+MM11+MN11 -> 96 | MP11: =MO11/3 -> 32 | MQ11: =IF(MP11>=75,"A",IF(MP11>=60,"B",IF(MP11>=50,"C",IF(MP11>=40,"D",IF(MP11>=35,"E","F"))))) -> F | MR11: =VLOOKUP(RANK(MP11,$MP$10:$MP$109),Sheet1!$A$381:$B$480,2,FALSE) -> 45th | MU11: =SUM(MS11:MT11) -> 0 | MV11: =REPT(BU11,1) -> 32 | MW11: =REPT(GU11,1) -> 55 | MX11: =MU11+MV11+MW11 -> 87 | MY11: =MX11/3 -> 29 | MZ11: =IF(MY11>=75,"A",IF(MY11>=60,"B",IF(MY11>=50,"C",IF(MY11>=40,"D",IF(MY11>=35,"E","F"))))) -> F | NA11: =VLOOKUP(RANK(MY11,$MY$10:$MY$109),Sheet1!$A$381:$B$480,2,FALSE) -> 66th | ND11: =SUM(NB11:NC11) -> 0 | NE11: =REPT(CA11,1) -> 44 | NF11: =REPT(HC11,1) -> 46 | NG11: =ND11+NF11+NE11 -> 90 | NH11: =NG11/3 -> 30 | NI11: =IF(NH11>=75,"A",IF(NH11>=60,"B",IF(NH11>=50,"C",IF(NH11>=40,"D",IF(NH11>=35,"E","F"))))) -> F | NJ11: =VLOOKUP(RANK(NH11,$NH$10:$NH$109),Sheet1!$A$381:$B$480,2,FALSE) -> 23rd | NM11: =SUM(NK11:NL11) -> 0 | NN11: =REPT(CG11,1) -> 75 | NO11: =REPT(HK11,1) -> 67 | NP11: =NM11+NO11+NN11 -> 142 | NQ11: =NP11/3 -> 47.333333 | NR11: =IF(NQ11>=75,"A",IF(NQ11>=60,"B",IF(NQ11>=50,"C",IF(NQ11>=40,"D",IF(NQ11>=35,"E","F"))))) -> D | NS11: =VLOOKUP(RANK(NQ11,$NQ$10:$NQ$109),Sheet1!$A$381:$B$480,2,FALSE) -> 23rd | NV11: =SUM(NT11:NU11) -> 0 | NW11: =REPT(CM11,1) -> 0 | NX11: =REPT(HS11,1) -> 0 | NY11: =NV11+NX11+NW11 -> 0 | NZ11: =NY11/3 -> 0 | OA11: =IF(NZ11>=75,"A",IF(NZ11>=60,"B",IF(NZ11>=50,"C",IF(NZ11>=40,"D",IF(NZ11>=35,"E","F"))))) -> F | OB11: =VLOOKUP(RANK(NZ11,$NZ$10:$NZ$109),Sheet1!$A$381:$B$480,2,FALSE) -> 1st | OE11: =SUM(OC11:OD11) -> 0 | OF11: =REPT(CS11,1) -> 0 | OG11: =REPT(IA11,1) -> 0 | OH11: =OE11+OG11+OF11 -> 0 | OI11: =OH11/2 -> 0 | OJ11: =IF(OI11>=75,"A",IF(OI11>=60,"B",IF(OI11>=50,"C",IF(OI11>=40,"D",IF(OI11>=35,"E","F"))))) -> F | OK11: =VLOOKUP(RANK(OI11,$OI$10:$OI$109),Sheet1!$A$381:$B$480,2,FALSE) -> 1st | ON11: =SUM(OL11:OM11) -> 0 | OO11: =REPT(CY11,1) -> 0 | OP11: =REPT(IL11,1) -> 0 | OQ11: =ON11+OP11+OO11 -> 0 | OR11: =OQ11/3 -> 0 | OS11: =IF(OR11>=75,"A",IF(OR11>=60,"B",IF(OR11>=50,"C",IF(OR11>=40,"D",IF(OR11>=35,"E","F"))))) -> F | OT11: =VLOOKUP(RANK(OR11,$OI$10:$OI$109),Sheet1!$A$381:$B$480,2,FALSE) -> 1st | OU11: =(OI11+NZ11+NQ11+NH11+MY11+MP11+MG11+LX11+LO11+LF11+KW11+KN11+KE11+JV11+JM11+JD11+OR11) -> 399.66667 | OV11: =(OI11+NZ11+NQ11+NH11+MY11+MP11+MG11+LX11+LO11+LF11+KW11+KN11+KE11+JV11+JM11+JD11)/17 -> 23.509804 | OW11: =VLOOKUP(RANK(OV11,$OV$10:$OV$109),Sheet1!$A$381:$B$480,2,FALSE) -> 56th
A12: 3 | B12: ADEBANJO VINCENT OLAOMOJU | C12: MALE | D12: 22 | E12: 43 | F12: =SUM(D12:E12) -> 65 | G12: =SUM(D12:E12) -> 65 | H12: =IF(G12>=75,"A",IF(G12>=60,"B",IF(G12>=50,"C",IF(G12>=40,"D",IF(G12>=35,"E","F"))))) -> B | I12: =VLOOKUP(RANK(G12,$G$10:$G$109),Sheet1!$A$381:$B$480,2,FALSE) -> 56th | J12: 32 | K12: 30 | L12: =SUM(J12:K12) -> 62 | M12: =SUM(J12:K12) -> 62 | N12: =IF(M12>=75,"A",IF(M12>=60,"B",IF(M12>=50,"C",IF(M12>=40,"D",IF(M12>=35,"E","F"))))) -> B | O12: =VLOOKUP(RANK(M12,$M$10:$M$109),Sheet1!$A$381:$B$480,2,FALSE) -> 23rd | P12: 25 | Q12: 15 | R12: =SUM(P12:Q12) -> 40 | S12: =SUM(P12:Q12) -> 40 | T12: =IF(S12>=75,"A",IF(S12>=60,"B",IF(S12>=50,"C",IF(S12>=40,"D",IF(S12>=35,"E","F"))))) -> D | U12: =VLOOKUP(RANK(S12,$S$10:$S$109),Sheet1!$A$381:$B$480,2,FALSE) -> 57th | V12: 35 | W12: 50 | X12: =SUM(V12:W12) -> 85 | Y12: =SUM(V12:W12) -> 85 | Z12: =IF(Y12>=75,"A",IF(Y12>=60,"B",IF(Y12>=50,"C",IF(Y12>=40,"D",IF(Y12>=35,"E","F"))))) -> A | AA12: =VLOOKUP(RANK(Y12,$Y$10:$Y$109),Sheet1!$A$381:$B$480,2,FALSE) -> 6th | AB12: 32 | AC12: 48 | AD12: =SUM(AB12:AC12) -> 80 | AE12: =SUM(AB12:AC12) -> 80 | AF12: =IF(AE12>=75,"A",IF(AE12>=60,"B",IF(AE12>=50,"C",IF(AE12>=40,"D",IF(AE12>=35,"E","F"))))) -> A | AG12: =VLOOKUP(RANK(AE12,$AE$10:$AE$109),Sheet1!$A$381:$B$480,2,FALSE) -> 13th | AJ12: =SUM(AH12:AI12) -> 0 | AK12: =SUM(AH12:AI12) -> 0 | AL12: =IF(AK12>=75,"A",IF(AK12>=60,"B",IF(AK12>=50,"C",IF(AK12>=40,"D",IF(AK12>=35,"E","F"))))) -> F | AM12: =VLOOKUP(RANK(AK12,$AK$10:$AK$109),Sheet1!$A$381:$B$480,2,FALSE) -> 1st | AP12: =SUM(AN12:AO12) -> 0 | AQ12: =SUM(AN12:AO12) -> 0 | AR12: =IF(AQ12>=75,"A",IF(AQ12>=60,"B",IF(AQ12>=50,"C",IF(AQ12>=40,"D",IF(AQ12>=35,"E","F"))))) -> F | AS12: =VLOOKUP(RANK(AQ12,$AQ$10:$AQ$109),Sheet1!$A$381:$B$480,2,FALSE) -> 1st | AT12: 24 | AU12: 37 | AV12: =SUM(AT12:AU12) -> 61 | AW12: =SUM(AT12:AU12) -> 61 | AX12: =IF(AW12>=75,"A",IF(AW12>=60,"B",IF(AW12>=50,"C",IF(AW12>=40,"D",IF(AW12>=35,"E","F"))))) -> B | AY12: =VLOOKUP(RANK(AW12,$AW$10:$AW$109),Sheet1!$A$381:$B$480,2,FALSE) -> 7th | AZ12: 33 | BA12: 21 | BB12: =SUM(AZ12:BA12) -> 54 | BC12: =SUM(AZ12:BA12) -> 54 | BD12: =IF(BC12>=75,"A",IF(BC12>=60,"B",IF(BC12>=50,"C",IF(BC12>=40,"D",IF(BC12>=35,"E","F"))))) -> C | BE12: =VLOOKUP(RANK(BC12,$BC$10:$BC$109),Sheet1!$A$381:$B$480,2,FALSE) -> 52nd | BF12: 23 | BG12: 35 | BH12: =SUM(BF12:BG12) -> 58 | BI12: =SUM(BF12:BG12) -> 58 | BJ12: =IF(BI12>=75,"A",IF(BI12>=60,"B",IF(BI12>=50,"C",IF(BI12>=40,"D",IF(BI12>=35,"E","F"))))) -> C | BK12: =VLOOKUP(RANK(BI12,$BI$10:$BI$109),Sheet1!$A$381:$B$480,2,FALSE) -> 8th | BL12: 27 | BM12: 23 | BN12: =SUM(BL12:BM12) -> 50 | BO12: =SUM(BL12:BM12) -> 50 | BP12: =IF(BO12>=75,"A",IF(BO12>=60,"B",IF(BO12>=50,"C",IF(BO12>=40,"D",IF(BO12>=35,"E","F"))))) -> C | BQ12: =VLOOKUP(RANK(BO12,$BO$10:$BO$109),Sheet1!$A$381:$B$480,2,FALSE) -> 85th | BR12: 28 | BS12: 47 | BT12: =SUM(BR12:BS12) -> 75 | BU12: =SUM(BR12:BS12) -> 75 | BV12: =IF(BU12>=75,"A",IF(BU12>=60,"B",IF(BU12>=50,"C",IF(BU12>=40,"D",IF(BU12>=35,"E","F"))))) -> A | BW12: =VLOOKUP(RANK(BU12,$BU$10:$BU$109),Sheet1!$A$381:$B$480,2,FALSE) -> 6th | BX12: 32 | BY12: 13 | BZ12: =SUM(BX12:BY12) -> 45 | CA12: =SUM(BX12:BY12) -> 45 | CB12: =IF(CA12>=75,"A",IF(CA12>=60,"B",IF(CA12>=50,"C",IF(CA12>=40,"D",IF(CA12>=35,"E","F"))))) -> D | CC12: =VLOOKUP(RANK(CA12,$CA$10:$CA$109),Sheet1!$A$381:$B$480,2,FALSE) -> 13th | CD12: 30 | CE12: 53 | CF12: =SUM(CD12:CE12) -> 83 | CG12: =SUM(CD12:CE12) -> 83 | CH12: =IF(CG12>=75,"A",IF(CG12>=60,"B",IF(CG12>=50,"C",IF(CG12>=40,"D",IF(CG12>=35,"E","F"))))) -> A | CI12: =VLOOKUP(RANK(CG12,$CG$10:$CG$109),Sheet1!$A$381:$B$480,2,FALSE) -> 5th | CL12: =SUM(CJ12:CK12) -> 0 | CM12: =SUM(CJ12:CK12) -> 0 | CN12: =IF(CM12>=75,"A",IF(CM12>=60,"B",IF(CM12>=50,"C",IF(CM12>=40,"D",IF(CM12>=35,"E","F"))))) -> F | CO12: =VLOOKUP(RANK(CM12,$CM$10:$CM$109),Sheet1!$A$381:$B$480,2,FALSE) -> 1st | CR12: =SUM(CP12:CQ12) -> 0 | CS12: =SUM(CP12:CQ12) -> 0 | CT12: =IF(CS12>=75,"A",IF(CS12>=60,"B",IF(CS12>=50,"C",IF(CS12>=40,"D",IF(CS12>=35,"E","F"))))) -> F | CU12: =VLOOKUP(RANK(CS12,$CS$10:$CS$109),Sheet1!$A$381:$B$480,2,FALSE) -> 1st | CX12: =SUM(CV12:CW12) -> 0 | CY12: =SUM(CV12:CW12) -> 0 | CZ12: =IF(CY12>=75,"A",IF(CY12>=60,"B",IF(CY12>=50,"C",IF(CY12>=40,"D",IF(CY12>=35,"E","F"))))) -> F | DA12: =VLOOKUP(RANK(CY12,$CY$10:$CY$109),Sheet1!$A$381:$B$480,2,FALSE) -> 1st | DC12: =CR12+CL12+CF12+BZ12+BT12+BH12+BB12+AV12+AP12+AJ12+AD12+X12+L12+F12+BN12+R12+CX12 -> 758 | DD12: =DC12/17 -> 44.588235 | DE12: =VLOOKUP(RANK(DD12,$DD$10:$DD$109),Sheet1!$A$381:$B$480,2,FALSE) -> 8th | DG12: =SUM(DC12:DD12) -> 802.58824 | DI12: 24 | DJ12: 55 | DK12: =SUM(DI12:DJ12) -> 79 | DL12: =REPT(G12,1) -> 65 | DM12: =DK12+DL12 -> 144 | DN12: =DM12/2 -> 72 | DO12: =IF(DN12>=75,"A",IF(DN12>=60,"B",IF(DN12>=50,"C",IF(DN12>=40,"D",IF(DN12>=35,"E","F"))))) -> B | DP12: =VLOOKUP(RANK(DN12,$DN$10:$DN$109),Sheet1!$A$381:$B$480,2,FALSE) -> 29th | DQ12: 19 | DR12: 23 | DS12: =SUM(DQ12:DR12) -> 42 | DT12: =REPT(M12,1) -> 62 | DU12: =DS12+DT12 -> 104 | DV12: =DU12/2 -> 52 | DW12: =IF(DV12>=75,"A",IF(DV12>=60,"B",IF(DV12>=50,"C",IF(DV12>=40,"D",IF(DV12>=35,"E","F"))))) -> C | DX12: =VLOOKUP(RANK(DV12,$DV$10:$DV$109),Sheet1!$A$381:$B$480,2,FALSE) -> 35th | DY12: 36 | DZ12: 24 | EA12: =SUM(DY12:DZ12) -> 60 | EB12: =REPT(S12,1) -> 40 | EC12: =EA12+EB12 -> 100 | ED12: =EC12/2 -> 50 | EE12: =IF(ED12>=75,"A",IF(ED12>=60,"B",IF(ED12>=50,"C",IF(ED12>=40,"D",IF(ED12>=35,"E","F"))))) -> C | EF12: =VLOOKUP(RANK(ED12,$ED$10:$ED$109),Sheet1!$A$381:$B$480,2,FALSE) -> 36th | EG12: 25 | EH12: 42 | EI12: =SUM(EG12:EH12) -> 67 | EJ12: =REPT(X12,1) -> 85 | EK12: =EI12+EJ12 -> 152 | EL12: =EK12/2 -> 76 | EM12: =IF(EL12>=75,"A",IF(EL12>=60,"B",IF(EL12>=50,"C",IF(EL12>=40,"D",IF(EL12>=35,"E","F"))))) -> A | EN12: =VLOOKUP(RANK(EL12,$EL$10:$EL$109),Sheet1!$A$381:$B$480,2,FALSE) -> 6th | EO12: 37 | EP12: 35 | EQ12: =SUM(EO12:EP12) -> 72 | ER12: =REPT(AE12,1) -> 80 | ES12: =EQ12+ER12 -> 152 | ET12: =ES12/2 -> 76 | EU12: =IF(ET12>=75,"A",IF(ET12>=60,"B",IF(ET12>=50,"C",IF(ET12>=40,"D",IF(ET12>=35,"E","F"))))) -> A | EV12: =VLOOKUP(RANK(ET12,$ET$10:$ET$109),Sheet1!$A$381:$B$480,2,FALSE) -> 10th | EY12: =SUM(EW12:EX12) -> 0 | EZ12: =REPT(AK12,1) -> 0 | FA12: =EY12+EZ12 -> 0 | FB12: =FA12/2 -> 0 | FC12: =IF(FB12>=75,"A",IF(FB12>=60,"B",IF(FB12>=50,"C",IF(FB12>=40,"D",IF(FB12>=35,"E","F"))))) -> F | FD12: =VLOOKUP(RANK(FB12,$FB$10:$FB$109),Sheet1!$A$381:$B$480,2,FALSE) -> 1st | FG12: =SUM(FE12:FF12) -> 0 | FH12: =REPT(AQ12,1) -> 0 | FI12: =FG12+FH12 -> 0 | FJ12: =FI12/2 -> 0 | FK12: =IF(FJ12>=75,"A",IF(FJ12>=60,"B",IF(FJ12>=50,"C",IF(FJ12>=40,"D",IF(FJ12>=35,"E","F"))))) -> F | FL12: =VLOOKUP(RANK(FJ12,$FJ$10:$FJ$109),Sheet1!$A$381:$B$480,2,FALSE) -> 1st | FM12: 30 | FN12: 32 | FO12: =SUM(FM12:FN12) -> 62 | FP12: =REPT(AW12,1) -> 61 | FQ12: =FO12+FP12 -> 123 | FR12: =FQ12/2 -> 61.5 | FS12: =IF(FR12>=75,"A",IF(FR12>=60,"B",IF(FR12>=50,"C",IF(FR12>=40,"D",IF(FR12>=35,"E","F"))))) -> B | FT12: =VLOOKUP(RANK(FR12,$FR$10:$FR$109),Sheet1!$A$381:$B$480,2,FALSE) -> 6th | FU12: 37 | FV12: 25 | FW12: =SUM(FU12:FV12) -> 62 | FX12: =REPT(BB12,1) -> 54 | FY12: =SUM(FW12:FX12) -> 62 | FZ12: =FY12/2 -> 31 | GA12: =IF(FZ12>=75,"A",IF(FZ12>=60,"B",IF(FZ12>=50,"C",IF(FZ12>=40,"D",IF(FZ12>=35,"E","F"))))) -> F | GB12: =VLOOKUP(RANK(FZ12,$FZ$10:$FZ$109),Sheet1!$A$381:$B$480,2,FALSE) -> 16th | GC12: 34 | GD12: 28 | GE12: =SUM(GC12:GD12) -> 62 | GF12: =REPT(BI12,1) -> 58 | GG12: =GE12+GF12 -> 120 | GH12: =GG12/2 -> 60 | GI12: =IF(GH12>=75,"A",IF(GH12>=60,"B",IF(GH12>=50,"C",IF(GH12>=40,"D",IF(GH12>=35,"E","F"))))) -> B | GJ12: =VLOOKUP(RANK(GH12,$GH$10:$GH$109),Sheet1!$A$381:$B$480,2,FALSE) -> 5th | GK12: 26 | GL12: 22 | GM12: =SUM(GK12:GL12) -> 48 | GN12: =REPT(BO12,1) -> 50 | GO12: =GM12+GN12 -> 98 | GP12: =GO12/2 -> 49 | GQ12: =IF(GP12>=75,"A",IF(GP12>=60,"B",IF(GP12>=50,"C",IF(GP12>=40,"D",IF(GP12>=35,"E","F"))))) -> D | GR12: =VLOOKUP(RANK(GP12,$GP$10:$GP$109),Sheet1!$A$381:$B$480,2,FALSE) -> 31st | GS12: 30 | GT12: 30 | GU12: =SUM(GS12:GT12) -> 60 | GV12: =REPT(BU12,1) -> 75 | GW12: =GU12+GV12 -> 135 | GX12: =GW12/2 -> 67.5 | GY12: =IF(GX12>=75,"A",IF(GX12>=60,"B",IF(GX12>=50,"C",IF(GX12>=40,"D",IF(GX12>=35,"E","F"))))) -> B | GZ12: =VLOOKUP(RANK(GX12,$GX$10:$GX$109),Sheet1!$A$381:$B$480,2,FALSE) -> 15th | HA12: 30 | HB12: 23 | HC12: =SUM(HA12:HB12) -> 53 | HD12: =REPT(CA12,1) -> 45 | HE12: =HC12+HD12 -> 98 | HF12: =HE12/2 -> 49 | HG12: =IF(HF12>=75,"A",IF(HF12>=60,"B",IF(HF12>=50,"C",IF(HF12>=40,"D",IF(HF12>=35,"E","F"))))) -> D | HH12: =VLOOKUP(RANK(HF12,$HF$10:$HF$109),Sheet1!$A$381:$B$480,2,FALSE) -> 11th | HI12: 30 | HJ12: 45 | HK12: =SUM(HI12:HJ12) -> 75 | HL12: =REPT(CG12,1) -> 83 | HM12: =HK12+HL12 -> 158 | HN12: =HM12/2 -> 79 | HO12: =IF(HN12>=75,"A",IF(HN12>=60,"B",IF(HN12>=50,"C",IF(HN12>=40,"D",IF(HN12>=35,"E","F"))))) -> A | HP12: =VLOOKUP(RANK(HN12,$HN$10:$HN$109),Sheet1!$A$381:$B$480,2,FALSE) -> 6th | HS12: =SUM(HQ12:HR12) -> 0 | HT12: =REPT(CM12,1) -> 0 | HU12: =HS12+HT12 -> 0 | HV12: =HU12/2 -> 0 | HW12: =IF(HV12>=75,"A",IF(HV12>=60,"B",IF(HV12>=50,"C",IF(HV12>=40,"D",IF(HV12>=35,"E","F"))))) -> F | HX12: =VLOOKUP(RANK(HV12,$HV$10:$HV$109),Sheet1!$A$381:$B$480,2,FALSE) -> 1st | IA12: =SUM(HY12:HZ12) -> 0 | IB12: =REPT(CS12,1) -> 0 | IC12: =IA12+IB12 -> 0 | ID12: =IC12/2 -> 0 | IE12: =IF(ID12>=75,"A",IF(ID12>=60,"B",IF(ID12>=50,"C",IF(ID12>=40,"D",IF(ID12>=35,"E","F"))))) -> F | IF12: =VLOOKUP(RANK(ID12,$ID$10:$ID$109),Sheet1!$A$381:$B$480,2,FALSE) -> 1st | II12: =SUM(IG12:IH12) -> 0 | IJ12: =REPT(CY12,1) -> 0 | IK12: =II12+IJ12 -> 0 | IL12: =IK12/2 -> 0 | IM12: =IF(IL12>=75,"A",IF(IL12>=60,"B",IF(IL12>=50,"C",IF(IL12>=40,"D",IF(IL12>=35,"E","F"))))) -> F | IN12: =VLOOKUP(RANK(IL12,$IL$10:$IL$109),Sheet1!$A$381:$B$480,2,FALSE) -> 1st | IO12: =ID12+HV12+HN12+HF12+GX12+GP12+GH12+FZ12+FR12+FJ12+FB12+ET12+EL12+ED12+DV12+DN12+IL12 -> 723 | IP12: =IO12/17 -> 42.529412 | IQ12: =VLOOKUP(RANK(IP12,$IP$10:$IP$109),Sheet1!$A$381:$B$480,2,FALSE) -> 7th | IZ12: =SUM(IX12:IY12) -> 0 | JA12: =REPT(G12,1) -> 65 | JB12: =REPT(DK12,1) -> 79 | JC12: =IZ12+JA12+JB12 -> 144 | JD12: =JC12/3 -> 48 | JE12: =IF(JD12>=75,"A",IF(JD12>=60,"B",IF(JD12>=50,"C",IF(JD12>=40,"D",IF(JD12>=35,"E","F"))))) -> D | JF12: =VLOOKUP(RANK(JD12,$JD$10:$JD$109),Sheet1!$A$381:$B$480,2,FALSE) -> 29th | JI12: =SUM(JG12:JH12) -> 0 | JJ12: =REPT(M12,1) -> 62 | JK12: =REPT(DS12,1) -> 42 | JL12: =JI12+JJ12+JK12 -> 104 | JM12: =JL12/3 -> 34.666667 | JN12: =IF(JM12>=75,"A",IF(JM12>=60,"B",IF(JM12>=50,"C",IF(JM12>=40,"D",IF(JM12>=35,"E","F"))))) -> F | JO12: =VLOOKUP(RANK(JM12,$JM$10:$JM$109),Sheet1!$A$381:$B$480,2,FALSE) -> 35th | JR12: =SUM(JP12:JQ12) -> 0 | JS12: =REPT(S12,1) -> 40 | JT12: =REPT(EA12,1) -> 60 | JU12: =JR12+JS12+JT12 -> 100 | JV12: =JU12/3 -> 33.333333 | JW12: =IF(JV12>=75,"A",IF(JV12>=60,"B",IF(JV12>=50,"C",IF(JV12>=40,"D",IF(JV12>=35,"E","F"))))) -> F | JX12: =VLOOKUP(RANK(JV12,$JV$10:$JV$109),Sheet1!$A$381:$B$480,2,FALSE) -> 36th | KA12: =SUM(JY12:JZ12) -> 0 | KB12: =REPT(X12,1) -> 85 | KC12: =REPT(EI12,1) -> 67 | KD12: =KA12+KB12+KC12 -> 152 | KE12: =KD12/3 -> 50.666667 | KF12: =IF(KE12>=75,"A",IF(KE12>=60,"B",IF(KE12>=50,"C",IF(KE12>=40,"D",IF(KE12>=35,"E","F"))))) -> C | KG12: =VLOOKUP(RANK(KE12,$KE$10:$KE$109),Sheet1!$A$381:$B$480,2,FALSE) -> 6th | KJ12: =SUM(KH12:KI12) -> 0 | KK12: =REPT(AD12,1) -> 80 | KL12: =REPT(EQ12,1) -> 72 | KM12: =KJ12+KK12+KL12 -> 152 | KN12: =KM12/3 -> 50.666667 | KO12: =IF(KN12>=75,"A",IF(KN12>=60,"B",IF(KN12>=50,"C",IF(KN12>=40,"D",IF(KN12>=35,"E","F"))))) -> C | KP12: =VLOOKUP(RANK(KN12,$KN$10:$KN$109),Sheet1!$A$381:$B$480,2,FALSE) -> 10th | KS12: =SUM(KQ12:KR12) -> 0 | KT12: =REPT(AK12,1) -> 0 | KU12: =REPT(EY12,1) -> 0 | KV12: =KS12+KT12+KU12 -> 0 | KW12: =KV12/3 -> 0 | KX12: =IF(KW12>=75,"A",IF(KW12>=60,"B",IF(KW12>=50,"C",IF(KW12>=40,"D",IF(KW12>=35,"E","F"))))) -> F | KY12: =VLOOKUP(RANK(KW12,$KW$10:$KW$109),Sheet1!$A$381:$B$480,2,FALSE) -> 1st | LB12: =SUM(KZ12:LA12) -> 0 | LC12: =REPT(AQ12,1) -> 0 | LD12: =REPT(FG12,1) -> 0 | LE12: =LB12+LC12+LD12 -> 0 | LF12: =LE12/3 -> 0 | LG12: =IF(LF12>=75,"A",IF(LF12>=60,"B",IF(LF12>=50,"C",IF(LF12>=40,"D",IF(LF12>=35,"E","F"))))) -> F | LH12: =VLOOKUP(RANK(LF12,$LF$10:$LF$109),Sheet1!$A$381:$B$480,2,FALSE) -> 1st | LK12: =SUM(LI12:LJ12) -> 0 | LL12: =REPT(AW12,1) -> 61 | LM12: =REPT(FO12,1) -> 62 | LN12: =LK12+LL12+LM12 -> 123 | LO12: =LN12/3 -> 41 | LP12: =IF(LO12>=75,"A",IF(LO12>=60,"B",IF(LO12>=50,"C",IF(LO12>=40,"D",IF(LO12>=35,"E","F"))))) -> D | LQ12: =VLOOKUP(RANK(LO12,$LO$10:$LO$109),Sheet1!$A$381:$B$480,2,FALSE) -> 6th | LT12: =SUM(LR12:LS12) -> 0 | LU12: =REPT(BB12,1) -> 54 | LV12: =REPT(FW12,1) -> 62 | LW12: =LT12+LV12+LU12 -> 116 | LX12: =LW12/3 -> 38.666667 | LY12: =IF(LX12>=75,"A",IF(LX12>=60,"B",IF(LX12>=50,"C",IF(LX12>=40,"D",IF(LX12>=35,"E","F"))))) -> E | LZ12: =VLOOKUP(RANK(LX12,$LX$10:$LX$109),Sheet1!$A$381:$B$480,2,FALSE) -> 27th | MC12: =SUM(MA12:MB12) -> 0 | MD12: =REPT(BI12,1) -> 58 | ME12: =REPT(GE12,1) -> 62 | MF12: =MC12+MD12+ME12 -> 120 | MG12: =MF12/3 -> 40 | MH12: =IF(MG12>=75,"A",IF(MG12>=60,"B",IF(MG12>=50,"C",IF(MG12>=40,"D",IF(MG12>=35,"E","F"))))) -> D | MI12: =VLOOKUP(RANK(MG12,$MG$10:$MG$109),Sheet1!$A$381:$B$480,2,FALSE) -> 5th | ML12: =SUM(MJ12:MK12) -> 0 | MM12: =REPT(BO12,1) -> 50 | MN12: =REPT(GM12,1) -> 48 | MO12: =ML12+MM12+MN12 -> 98 | MP12: =MO12/3 -> 32.666667 | MQ12: =IF(MP12>=75,"A",IF(MP12>=60,"B",IF(MP12>=50,"C",IF(MP12>=40,"D",IF(MP12>=35,"E","F"))))) -> F | MR12: =VLOOKUP(RANK(MP12,$MP$10:$MP$109),Sheet1!$A$381:$B$480,2,FALSE) -> 31st | MU12: =SUM(MS12:MT12) -> 0 | MV12: =REPT(BU12,1) -> 75 | MW12: =REPT(GU12,1) -> 60 | MX12: =MU12+MV12+MW12 -> 135 | MY12: =MX12/3 -> 45 | MZ12: =IF(MY12>=75,"A",IF(MY12>=60,"B",IF(MY12>=50,"C",IF(MY12>=40,"D",IF(MY12>=35,"E","F"))))) -> D | NA12: =VLOOKUP(RANK(MY12,$MY$10:$MY$109),Sheet1!$A$381:$B$480,2,FALSE) -> 15th | ND12: =SUM(NB12:NC12) -> 0 | NE12: =REPT(CA12,1) -> 45 | NF12: =REPT(HC12,1) -> 53 | NG12: =ND12+NF12+NE12 -> 98 | NH12: =NG12/3 -> 32.666667 | NI12: =IF(NH12>=75,"A",IF(NH12>=60,"B",IF(NH12>=50,"C",IF(NH12>=40,"D",IF(NH12>=35,"E","F"))))) -> F | NJ12: =VLOOKUP(RANK(NH12,$NH$10:$NH$109),Sheet1!$A$381:$B$480,2,FALSE) -> 11th | NM12: =SUM(NK12:NL12) -> 0 | NN12: =REPT(CG12,1) -> 83 | NO12: =REPT(HK12,1) -> 75 | NP12: =NM12+NO12+NN12 -> 158 | NQ12: =NP12/3 -> 52.666667 | NR12: =IF(NQ12>=75,"A",IF(NQ12>=60,"B",IF(NQ12>=50,"C",IF(NQ12>=40,"D",IF(NQ12>=35,"E","F"))))) -> C | NS12: =VLOOKUP(RANK(NQ12,$NQ$10:$NQ$109),Sheet1!$A$381:$B$480,2,FALSE) -> 6th | NV12: =SUM(NT12:NU12) -> 0 | NW12: =REPT(CM12,1) -> 0 | NX12: =REPT(HS12,1) -> 0 | NY12: =NV12+NX12+NW12 -> 0 | NZ12: =NY12/3 -> 0 | OA12: =IF(NZ12>=75,"A",IF(NZ12>=60,"B",IF(NZ12>=50,"C",IF(NZ12>=40,"D",IF(NZ12>=35,"E","F"))))) -> F | OB12: =VLOOKUP(RANK(NZ12,$NZ$10:$NZ$109),Sheet1!$A$381:$B$480,2,FALSE) -> 1st | OE12: =SUM(OC12:OD12) -> 0 | OF12: =REPT(CS12,1) -> 0 | OG12: =REPT(IA12,1) -> 0 | OH12: =OE12+OG12+OF12 -> 0 | OI12: =OH12/2 -> 0 | OJ12: =IF(OI12>=75,"A",IF(OI12>=60,"B",IF(OI12>=50,"C",IF(OI12>=40,"D",IF(OI12>=35,"E","F"))))) -> F | OK12: =VLOOKUP(RANK(OI12,$OI$10:$OI$109),Sheet1!$A$381:$B$480,2,FALSE) -> 1st | ON12: =SUM(OL12:OM12) -> 0 | OO12: =REPT(CY12,1) -> 0 | OP12: =REPT(IL12,1) -> 0 | OQ12: =ON12+OP12+OO12 -> 0 | OR12: =OQ12/3 -> 0 | OS12: =IF(OR12>=75,"A",IF(OR12>=60,"B",IF(OR12>=50,"C",IF(OR12>=40,"D",IF(OR12>=35,"E","F"))))) -> F | OT12: =VLOOKUP(RANK(OR12,$OI$10:$OI$109),Sheet1!$A$381:$B$480,2,FALSE) -> 1st | OU12: =(OI12+NZ12+NQ12+NH12+MY12+MP12+MG12+LX12+LO12+LF12+KW12+KN12+KE12+JV12+JM12+JD12+OR12) -> 500 | OV12: =(OI12+NZ12+NQ12+NH12+MY12+MP12+MG12+LX12+LO12+LF12+KW12+KN12+KE12+JV12+JM12+JD12)/17 -> 29.411765 | OW12: =VLOOKUP(RANK(OV12,$OV$10:$OV$109),Sheet1!$A$381:$B$480,2,FALSE) -> 7th
A13: 4 | B13: ADEBANJO YUSUF A. | C13: MALE | D13: 25 | E13: 20 | F13: =SUM(D13:E13) -> 45 | G13: =SUM(D13:E13) -> 45 | H13: =IF(G13>=75,"A",IF(G13>=60,"B",IF(G13>=50,"C",IF(G13>=40,"D",IF(G13>=35,"E","F"))))) -> D | I13: =VLOOKUP(RANK(G13,$G$10:$G$109),Sheet1!$A$381:$B$480,2,FALSE) -> 95th | J13: 22 | K13: 28 | L13: =SUM(J13:K13) -> 50 | M13: =SUM(J13:K13) -> 50 | N13: =IF(M13>=75,"A",IF(M13>=60,"B",IF(M13>=50,"C",IF(M13>=40,"D",IF(M13>=35,"E","F"))))) -> C | O13: =VLOOKUP(RANK(M13,$M$10:$M$109),Sheet1!$A$381:$B$480,2,FALSE) -> 67th | P13: 25 | Q13: 15 | R13: =SUM(P13:Q13) -> 40 | S13: =SUM(P13:Q13) -> 40 | T13: =IF(S13>=75,"A",IF(S13>=60,"B",IF(S13>=50,"C",IF(S13>=40,"D",IF(S13>=35,"E","F"))))) -> D | U13: =VLOOKUP(RANK(S13,$S$10:$S$109),Sheet1!$A$381:$B$480,2,FALSE) -> 57th | V13: 25 | W13: 20 | X13: =SUM(V13:W13) -> 45 | Y13: =SUM(V13:W13) -> 45 | Z13: =IF(Y13>=75,"A",IF(Y13>=60,"B",IF(Y13>=50,"C",IF(Y13>=40,"D",IF(Y13>=35,"E","F"))))) -> D | AA13: =VLOOKUP(RANK(Y13,$Y$10:$Y$109),Sheet1!$A$381:$B$480,2,FALSE) -> 78th | AB13: 29 | AC13: 5 | AD13: =SUM(AB13:AC13) -> 34 | AE13: =SUM(AB13:AC13) -> 34 | AF13: =IF(AE13>=75,"A",IF(AE13>=60,"B",IF(AE13>=50,"C",IF(AE13>=40,"D",IF(AE13>=35,"E","F"))))) -> F | AG13: =VLOOKUP(RANK(AE13,$AE$10:$AE$109),Sheet1!$A$381:$B$480,2,FALSE) -> 85th | AJ13: =SUM(AH13:AI13) -> 0 | AK13: =SUM(AH13:AI13) -> 0 | AL13: =IF(AK13>=75,"A",IF(AK13>=60,"B",IF(AK13>=50,"C",IF(AK13>=40,"D",IF(AK13>=35,"E","F"))))) -> F | AM13: =VLOOKUP(RANK(AK13,$AK$10:$AK$109),Sheet1!$A$381:$B$480,2,FALSE) -> 1st | AP13: =SUM(AN13:AO13) -> 0 | AQ13: =SUM(AN13:AO13) -> 0 | AR13: =IF(AQ13>=75,"A",IF(AQ13>=60,"B",IF(AQ13>=50,"C",IF(AQ13>=40,"D",IF(AQ13>=35,"E","F"))))) -> F | AS13: =VLOOKUP(RANK(AQ13,$AQ$10:$AQ$109),Sheet1!$A$381:$B$480,2,FALSE) -> 1st | AT13: 25 | AU13: 30 | AV13: =SUM(AT13:AU13) -> 55 | AW13: =SUM(AT13:AU13) -> 55 | AX13: =IF(AW13>=75,"A",IF(AW13>=60,"B",IF(AW13>=50,"C",IF(AW13>=40,"D",IF(AW13>=35,"E","F"))))) -> C | AY13: =VLOOKUP(RANK(AW13,$AW$10:$AW$109),Sheet1!$A$381:$B$480,2,FALSE) -> 21st | AZ13: 34 | BA13: 28 | BB13: =SUM(AZ13:BA13) -> 62 | BC13: =SUM(AZ13:BA13) -> 62 | BD13: =IF(BC13>=75,"A",IF(BC13>=60,"B",IF(BC13>=50,"C",IF(BC13>=40,"D",IF(BC13>=35,"E","F"))))) -> B | BE13: =VLOOKUP(RANK(BC13,$BC$10:$BC$109),Sheet1!$A$381:$B$480,2,FALSE) -> 25th | BF13: 11 | BG13: 12 | BH13: =SUM(BF13:BG13) -> 23 | BI13: =SUM(BF13:BG13) -> 23 | BJ13: =IF(BI13>=75,"A",IF(BI13>=60,"B",IF(BI13>=50,"C",IF(BI13>=40,"D",IF(BI13>=35,"E","F"))))) -> F | BK13: =VLOOKUP(RANK(BI13,$BI$10:$BI$109),Sheet1!$A$381:$B$480,2,FALSE) -> 89th | BL13: 24 | BM13: 27 | BN13: =SUM(BL13:BM13) -> 51 | BO13: =SUM(BL13:BM13) -> 51 | BP13: =IF(BO13>=75,"A",IF(BO13>=60,"B",IF(BO13>=50,"C",IF(BO13>=40,"D",IF(BO13>=35,"E","F"))))) -> C | BQ13: =VLOOKUP(RANK(BO13,$BO$10:$BO$109),Sheet1!$A$381:$B$480,2,FALSE) -> 69th | BR13: 29 | BS13: 7 | BT13: =SUM(BR13:BS13) -> 36 | BU13: =SUM(BR13:BS13) -> 36 | BV13: =IF(BU13>=75,"A",IF(BU13>=60,"B",IF(BU13>=50,"C",IF(BU13>=40,"D",IF(BU13>=35,"E","F"))))) -> E | BW13: =VLOOKUP(RANK(BU13,$BU$10:$BU$109),Sheet1!$A$381:$B$480,2,FALSE) -> 76th | BX13: 26 | BY13: 10 | BZ13: =SUM(BX13:BY13) -> 36 | CA13: =SUM(BX13:BY13) -> 36 | CB13: =IF(CA13>=75,"A",IF(CA13>=60,"B",IF(CA13>=50,"C",IF(CA13>=40,"D",IF(CA13>=35,"E","F"))))) -> E | CC13: =VLOOKUP(RANK(CA13,$CA$10:$CA$109),Sheet1!$A$381:$B$480,2,FALSE) -> 91st | CD13: 28 | CE13: 30 | CF13: =SUM(CD13:CE13) -> 58 | CG13: =SUM(CD13:CE13) -> 58 | CH13: =IF(CG13>=75,"A",IF(CG13>=60,"B",IF(CG13>=50,"C",IF(CG13>=40,"D",IF(CG13>=35,"E","F"))))) -> C | CI13: =VLOOKUP(RANK(CG13,$CG$10:$CG$109),Sheet1!$A$381:$B$480,2,FALSE) -> 35th | CL13: =SUM(CJ13:CK13) -> 0 | CM13: =SUM(CJ13:CK13) -> 0 | CN13: =IF(CM13>=75,"A",IF(CM13>=60,"B",IF(CM13>=50,"C",IF(CM13>=40,"D",IF(CM13>=35,"E","F"))))) -> F | CO13: =VLOOKUP(RANK(CM13,$CM$10:$CM$109),Sheet1!$A$381:$B$480,2,FALSE) -> 1st | CR13: =SUM(CP13:CQ13) -> 0 | CS13: =SUM(CP13:CQ13) -> 0 | CT13: =IF(CS13>=75,"A",IF(CS13>=60,"B",IF(CS13>=50,"C",IF(CS13>=40,"D",IF(CS13>=35,"E","F"))))) -> F | CU13: =VLOOKUP(RANK(CS13,$CS$10:$CS$109),Sheet1!$A$381:$B$480,2,FALSE) -> 1st | CX13: =SUM(CV13:CW13) -> 0 | CY13: =SUM(CV13:CW13) -> 0 | CZ13: =IF(CY13>=75,"A",IF(CY13>=60,"B",IF(CY13>=50,"C",IF(CY13>=40,"D",IF(CY13>=35,"E","F"))))) -> F | DA13: =VLOOKUP(RANK(CY13,$CY$10:$CY$109),Sheet1!$A$381:$B$480,2,FALSE) -> 1st | DC13: =CR13+CL13+CF13+BZ13+BT13+BH13+BB13+AV13+AP13+AJ13+AD13+X13+L13+F13+BN13+R13+CX13 -> 535 | DD13: =DC13/17 -> 31.470588 | DE13: =VLOOKUP(RANK(DD13,$DD$10:$DD$109),Sheet1!$A$381:$B$480,2,FALSE) -> 85th | DG13: =SUM(DC13:DD13) -> 566.47059 | DI13: 24 | DJ13: 41 | DK13: =SUM(DI13:DJ13) -> 65 | DL13: =REPT(G13,1) -> 45 | DM13: =DK13+DL13 -> 110 | DN13: =DM13/2 -> 55 | DO13: =IF(DN13>=75,"A",IF(DN13>=60,"B",IF(DN13>=50,"C",IF(DN13>=40,"D",IF(DN13>=35,"E","F"))))) -> C | DP13: =VLOOKUP(RANK(DN13,$DN$10:$DN$109),Sheet1!$A$381:$B$480,2,FALSE) -> 84th | DQ13: 27 | DR13: 17 | DS13: =SUM(DQ13:DR13) -> 44 | DT13: =REPT(M13,1) -> 50 | DU13: =DS13+DT13 -> 94 | DV13: =DU13/2 -> 47 | DW13: =IF(DV13>=75,"A",IF(DV13>=60,"B",IF(DV13>=50,"C",IF(DV13>=40,"D",IF(DV13>=35,"E","F"))))) -> D | DX13: =VLOOKUP(RANK(DV13,$DV$10:$DV$109),Sheet1!$A$381:$B$480,2,FALSE) -> 64th | DY13: 26 | DZ13: 24 | EA13: =SUM(DY13:DZ13) -> 50 | EB13: =REPT(S13,1) -> 40 | EC13: =EA13+EB13 -> 90 | ED13: =EC13/2 -> 45 | EE13: =IF(ED13>=75,"A",IF(ED13>=60,"B",IF(ED13>=50,"C",IF(ED13>=40,"D",IF(ED13>=35,"E","F"))))) -> D | EF13: =VLOOKUP(RANK(ED13,$ED$10:$ED$109),Sheet1!$A$381:$B$480,2,FALSE) -> 52nd | EG13: 29 | EH13: 24 | EI13: =SUM(EG13:EH13) -> 53 | EJ13: =REPT(X13,1) -> 45 | EK13: =EI13+EJ13 -> 98 | EL13: =EK13/2 -> 49 | EM13: =IF(EL13>=75,"A",IF(EL13>=60,"B",IF(EL13>=50,"C",IF(EL13>=40,"D",IF(EL13>=35,"E","F"))))) -> D | EN13: =VLOOKUP(RANK(EL13,$EL$10:$EL$109),Sheet1!$A$381:$B$480,2,FALSE) -> 65th | EO13: 28 | EP13: 18 | EQ13: =SUM(EO13:EP13) -> 46 | ER13: =REPT(AE13,1) -> 34 | ES13: =EQ13+ER13 -> 80 | ET13: =ES13/2 -> 40 | EU13: =IF(ET13>=75,"A",IF(ET13>=60,"B",IF(ET13>=50,"C",IF(ET13>=40,"D",IF(ET13>=35,"E","F"))))) -> D | EV13: =VLOOKUP(RANK(ET13,$ET$10:$ET$109),Sheet1!$A$381:$B$480,2,FALSE) -> 75th | EY13: =SUM(EW13:EX13) -> 0 | EZ13: =REPT(AK13,1) -> 0 | FA13: =EY13+EZ13 -> 0 | FB13: =FA13/2 -> 0 | FC13: =IF(FB13>=75,"A",IF(FB13>=60,"B",IF(FB13>=50,"C",IF(FB13>=40,"D",IF(FB13>=35,"E","F"))))) -> F | FD13: =VLOOKUP(RANK(FB13,$FB$10:$FB$109),Sheet1!$A$381:$B$480,2,FALSE) -> 1st | FG13: =SUM(FE13:FF13) -> 0 | FH13: =REPT(AQ13,1) -> 0 | FI13: =FG13+FH13 -> 0 | FJ13: =FI13/2 -> 0 | FK13: =IF(FJ13>=75,"A",IF(FJ13>=60,"B",IF(FJ13>=50,"C",IF(FJ13>=40,"D",IF(FJ13>=35,"E","F"))))) -> F | FL13: =VLOOKUP(RANK(FJ13,$FJ$10:$FJ$109),Sheet1!$A$381:$B$480,2,FALSE) -> 1st | FM13: 26 | FN13: 24 | FO13: =SUM(FM13:FN13) -> 50 | FP13: =REPT(AW13,1) -> 55 | FQ13: =FO13+FP13 -> 105 | FR13: =FQ13/2 -> 52.5 | FS13: =IF(FR13>=75,"A",IF(FR13>=60,"B",IF(FR13>=50,"C",IF(FR13>=40,"D",IF(FR13>=35,"E","F"))))) -> C | FT13: =VLOOKUP(RANK(FR13,$FR$10:$FR$109),Sheet1!$A$381:$B$480,2,FALSE) -> 40th | FU13: 33 | FV13: 20 | FW13: =SUM(FU13:FV13) -> 53 | FX13: =REPT(BB13,1) -> 62 | FY13: =SUM(FW13:FX13) -> 53 | FZ13: =FY13/2 -> 26.5 | GA13: =IF(FZ13>=75,"A",IF(FZ13>=60,"B",IF(FZ13>=50,"C",IF(FZ13>=40,"D",IF(FZ13>=35,"E","F"))))) -> F | GB13: =VLOOKUP(RANK(FZ13,$FZ$10:$FZ$109),Sheet1!$A$381:$B$480,2,FALSE) -> 43rd | GC13: 31 | GD13: 31 | GE13: =SUM(GC13:GD13) -> 62 | GF13: =REPT(BI13,1) -> 23 | GG13: =GE13+GF13 -> 85 | GH13: =GG13/2 -> 42.5 | GI13: =IF(GH13>=75,"A",IF(GH13>=60,"B",IF(GH13>=50,"C",IF(GH13>=40,"D",IF(GH13>=35,"E","F"))))) -> D | GJ13: =VLOOKUP(RANK(GH13,$GH$10:$GH$109),Sheet1!$A$381:$B$480,2,FALSE) -> 36th | GK13: 27 | GL13: 17 | GM13: =SUM(GK13:GL13) -> 44 | GN13: =REPT(BO13,1) -> 51 | GO13: =GM13+GN13 -> 95 | GP13: =GO13/2 -> 47.5 | GQ13: =IF(GP13>=75,"A",IF(GP13>=60,"B",IF(GP13>=50,"C",IF(GP13>=40,"D",IF(GP13>=35,"E","F"))))) -> D | GR13: =VLOOKUP(RANK(GP13,$GP$10:$GP$109),Sheet1!$A$381:$B$480,2,FALSE) -> 61st | GS13: 28 | GT13: 15 | GU13: =SUM(GS13:GT13) -> 43 | GV13: =REPT(BU13,1) -> 36 | GW13: =GU13+GV13 -> 79 | GX13: =GW13/2 -> 39.5 | GY13: =IF(GX13>=75,"A",IF(GX13>=60,"B",IF(GX13>=50,"C",IF(GX13>=40,"D",IF(GX13>=35,"E","F"))))) -> E | GZ13: =VLOOKUP(RANK(GX13,$GX$10:$GX$109),Sheet1!$A$381:$B$480,2,FALSE) -> 71st | HA13: 28 | HB13: 12 | HC13: =SUM(HA13:HB13) -> 40 | HD13: =REPT(CA13,1) -> 36 | HE13: =HC13+HD13 -> 76 | HF13: =HE13/2 -> 38 | HG13: =IF(HF13>=75,"A",IF(HF13>=60,"B",IF(HF13>=50,"C",IF(HF13>=40,"D",IF(HF13>=35,"E","F"))))) -> E | HH13: =VLOOKUP(RANK(HF13,$HF$10:$HF$109),Sheet1!$A$381:$B$480,2,FALSE) -> 80th | HI13: 28 | HJ13: 49 | HK13: =SUM(HI13:HJ13) -> 77 | HL13: =REPT(CG13,1) -> 58 | HM13: =HK13+HL13 -> 135 | HN13: =HM13/2 -> 67.5 | HO13: =IF(HN13>=75,"A",IF(HN13>=60,"B",IF(HN13>=50,"C",IF(HN13>=40,"D",IF(HN13>=35,"E","F"))))) -> B | HP13: =VLOOKUP(RANK(HN13,$HN$10:$HN$109),Sheet1!$A$381:$B$480,2,FALSE) -> 32nd | HS13: =SUM(HQ13:HR13) -> 0 | HT13: =REPT(CM13,1) -> 0 | HU13: =HS13+HT13 -> 0 | HV13: =HU13/2 -> 0 | HW13: =IF(HV13>=75,"A",IF(HV13>=60,"B",IF(HV13>=50,"C",IF(HV13>=40,"D",IF(HV13>=35,"E","F"))))) -> F | HX13: =VLOOKUP(RANK(HV13,$HV$10:$HV$109),Sheet1!$A$381:$B$480,2,FALSE) -> 1st | IA13: =SUM(HY13:HZ13) -> 0 | IB13: =REPT(CS13,1) -> 0 | IC13: =IA13+IB13 -> 0 | ID13: =IC13/2 -> 0 | IE13: =IF(ID13>=75,"A",IF(ID13>=60,"B",IF(ID13>=50,"C",IF(ID13>=40,"D",IF(ID13>=35,"E","F"))))) -> F | IF13: =VLOOKUP(RANK(ID13,$ID$10:$ID$109),Sheet1!$A$381:$B$480,2,FALSE) -> 1st | II13: =SUM(IG13:IH13) -> 0 | IJ13: =REPT(CY13,1) -> 0 | IK13: =II13+IJ13 -> 0 | IL13: =IK13/2 -> 0 | IM13: =IF(IL13>=75,"A",IF(IL13>=60,"B",IF(IL13>=50,"C",IF(IL13>=40,"D",IF(IL13>=35,"E","F"))))) -> F | IN13: =VLOOKUP(RANK(IL13,$IL$10:$IL$109),Sheet1!$A$381:$B$480,2,FALSE) -> 1st | IO13: =ID13+HV13+HN13+HF13+GX13+GP13+GH13+FZ13+FR13+FJ13+FB13+ET13+EL13+ED13+DV13+DN13+IL13 -> 550 | IP13: =IO13/17 -> 32.352941 | IQ13: =VLOOKUP(RANK(IP13,$IP$10:$IP$109),Sheet1!$A$381:$B$480,2,FALSE) -> 63rd | IZ13: =SUM(IX13:IY13) -> 0 | JA13: =REPT(G13,1) -> 45 | JB13: =REPT(DK13,1) -> 65 | JC13: =IZ13+JA13+JB13 -> 110 | JD13: =JC13/3 -> 36.666667 | JE13: =IF(JD13>=75,"A",IF(JD13>=60,"B",IF(JD13>=50,"C",IF(JD13>=40,"D",IF(JD13>=35,"E","F"))))) -> E | JF13: =VLOOKUP(RANK(JD13,$JD$10:$JD$109),Sheet1!$A$381:$B$480,2,FALSE) -> 84th | JI13: =SUM(JG13:JH13) -> 0 | JJ13: =REPT(M13,1) -> 50 | JK13: =REPT(DS13,1) -> 44 | JL13: =JI13+JJ13+JK13 -> 94 | JM13: =JL13/3 -> 31.333333 | JN13: =IF(JM13>=75,"A",IF(JM13>=60,"B",IF(JM13>=50,"C",IF(JM13>=40,"D",IF(JM13>=35,"E","F"))))) -> F | JO13: =VLOOKUP(RANK(JM13,$JM$10:$JM$109),Sheet1!$A$381:$B$480,2,FALSE) -> 64th | JR13: =SUM(JP13:JQ13) -> 0 | JS13: =REPT(S13,1) -> 40 | JT13: =REPT(EA13,1) -> 50 | JU13: =JR13+JS13+JT13 -> 90 | JV13: =JU13/3 -> 30 | JW13: =IF(JV13>=75,"A",IF(JV13>=60,"B",IF(JV13>=50,"C",IF(JV13>=40,"D",IF(JV13>=35,"E","F"))))) -> F | JX13: =VLOOKUP(RANK(JV13,$JV$10:$JV$109),Sheet1!$A$381:$B$480,2,FALSE) -> 52nd | KA13: =SUM(JY13:JZ13) -> 0 | KB13: =REPT(X13,1) -> 45 | KC13: =REPT(EI13,1) -> 53 | KD13: =KA13+KB13+KC13 -> 98 | KE13: =KD13/3 -> 32.666667 | KF13: =IF(KE13>=75,"A",IF(KE13>=60,"B",IF(KE13>=50,"C",IF(KE13>=40,"D",IF(KE13>=35,"E","F"))))) -> F | KG13: =VLOOKUP(RANK(KE13,$KE$10:$KE$109),Sheet1!$A$381:$B$480,2,FALSE) -> 65th | KJ13: =SUM(KH13:KI13) -> 0 | KK13: =REPT(AD13,1) -> 34 | KL13: =REPT(EQ13,1) -> 46 | KM13: =KJ13+KK13+KL13 -> 80 | KN13: =KM13/3 -> 26.666667 | KO13: =IF(KN13>=75,"A",IF(KN13>=60,"B",IF(KN13>=50,"C",IF(KN13>=40,"D",IF(KN13>=35,"E","F"))))) -> F | KP13: =VLOOKUP(RANK(KN13,$KN$10:$KN$109),Sheet1!$A$381:$B$480,2,FALSE) -> 75th | KS13: =SUM(KQ13:KR13) -> 0 | KT13: =REPT(AK13,1) -> 0 | KU13: =REPT(EY13,1) -> 0 | KV13: =KS13+KT13+KU13 -> 0 | KW13: =KV13/3 -> 0 | KX13: =IF(KW13>=75,"A",IF(KW13>=60,"B",IF(KW13>=50,"C",IF(KW13>=40,"D",IF(KW13>=35,"E","F"))))) -> F | KY13: =VLOOKUP(RANK(KW13,$KW$10:$KW$109),Sheet1!$A$381:$B$480,2,FALSE) -> 1st | LB13: =SUM(KZ13:LA13) -> 0 | LC13: =REPT(AQ13,1) -> 0 | LD13: =REPT(FG13,1) -> 0 | LE13: =LB13+LC13+LD13 -> 0 | LF13: =LE13/3 -> 0 | LG13: =IF(LF13>=75,"A",IF(LF13>=60,"B",IF(LF13>=50,"C",IF(LF13>=40,"D",IF(LF13>=35,"E","F"))))) -> F | LH13: =VLOOKUP(RANK(LF13,$LF$10:$LF$109),Sheet1!$A$381:$B$480,2,FALSE) -> 1st | LK13: =SUM(LI13:LJ13) -> 0 | LL13: =REPT(AW13,1) -> 55 | LM13: =REPT(FO13,1) -> 50 | LN13: =LK13+LL13+LM13 -> 105 | LO13: =LN13/3 -> 35 | LP13: =IF(LO13>=75,"A",IF(LO13>=60,"B",IF(LO13>=50,"C",IF(LO13>=40,"D",IF(LO13>=35,"E","F"))))) -> E | LQ13: =VLOOKUP(RANK(LO13,$LO$10:$LO$109),Sheet1!$A$381:$B$480,2,FALSE) -> 40th | LT13: =SUM(LR13:LS13) -> 0 | LU13: =REPT(BB13,1) -> 62 | LV13: =REPT(FW13,1) -> 53 | LW13: =LT13+LV13+LU13 -> 115 | LX13: =LW13/3 -> 38.333333 | LY13: =IF(LX13>=75,"A",IF(LX13>=60,"B",IF(LX13>=50,"C",IF(LX13>=40,"D",IF(LX13>=35,"E","F"))))) -> E | LZ13: =VLOOKUP(RANK(LX13,$LX$10:$LX$109),Sheet1!$A$381:$B$480,2,FALSE) -> 29th | MC13: =SUM(MA13:MB13) -> 0 | MD13: =REPT(BI13,1) -> 23 | ME13: =REPT(GE13,1) -> 62 | MF13: =MC13+MD13+ME13 -> 85 | MG13: =MF13/3 -> 28.333333 | MH13: =IF(MG13>=75,"A",IF(MG13>=60,"B",IF(MG13>=50,"C",IF(MG13>=40,"D",IF(MG13>=35,"E","F"))))) -> F | MI13: =VLOOKUP(RANK(MG13,$MG$10:$MG$109),Sheet1!$A$381:$B$480,2,FALSE) -> 36th | ML13: =SUM(MJ13:MK13) -> 0 | MM13: =REPT(BO13,1) -> 51 | MN13: =REPT(GM13,1) -> 44 | MO13: =ML13+MM13+MN13 -> 95 | MP13: =MO13/3 -> 31.666667 | MQ13: =IF(MP13>=75,"A",IF(MP13>=60,"B",IF(MP13>=50,"C",IF(MP13>=40,"D",IF(MP13>=35,"E","F"))))) -> F | MR13: =VLOOKUP(RANK(MP13,$MP$10:$MP$109),Sheet1!$A$381:$B$480,2,FALSE) -> 61st | MU13: =SUM(MS13:MT13) -> 0 | MV13: =REPT(BU13,1) -> 36 | MW13: =REPT(GU13,1) -> 43 | MX13: =MU13+MV13+MW13 -> 79 | MY13: =MX13/3 -> 26.333333 | MZ13: =IF(MY13>=75,"A",IF(MY13>=60,"B",IF(MY13>=50,"C",IF(MY13>=40,"D",IF(MY13>=35,"E","F"))))) -> F | NA13: =VLOOKUP(RANK(MY13,$MY$10:$MY$109),Sheet1!$A$381:$B$480,2,FALSE) -> 71st | ND13: =SUM(NB13:NC13) -> 0 | NE13: =REPT(CA13,1) -> 36 | NF13: =REPT(HC13,1) -> 40 | NG13: =ND13+NF13+NE13 -> 76 | NH13: =NG13/3 -> 25.333333 | NI13: =IF(NH13>=75,"A",IF(NH13>=60,"B",IF(NH13>=50,"C",IF(NH13>=40,"D",IF(NH13>=35,"E","F"))))) -> F | NJ13: =VLOOKUP(RANK(NH13,$NH$10:$NH$109),Sheet1!$A$381:$B$480,2,FALSE) -> 80th | NM13: =SUM(NK13:NL13) -> 0 | NN13: =REPT(CG13,1) -> 58 | NO13: =REPT(HK13,1) -> 77 | NP13: =NM13+NO13+NN13 -> 135 | NQ13: =NP13/3 -> 45 | NR13: =IF(NQ13>=75,"A",IF(NQ13>=60,"B",IF(NQ13>=50,"C",IF(NQ13>=40,"D",IF(NQ13>=35,"E","F"))))) -> D | NS13: =VLOOKUP(RANK(NQ13,$NQ$10:$NQ$109),Sheet1!$A$381:$B$480,2,FALSE) -> 32nd | NV13: =SUM(NT13:NU13) -> 0 | NW13: =REPT(CM13,1) -> 0 | NX13: =REPT(HS13,1) -> 0 | NY13: =NV13+NX13+NW13 -> 0 | NZ13: =NY13/3 -> 0 | OA13: =IF(NZ13>=75,"A",IF(NZ13>=60,"B",IF(NZ13>=50,"C",IF(NZ13>=40,"D",IF(NZ13>=35,"E","F"))))) -> F | OB13: =VLOOKUP(RANK(NZ13,$NZ$10:$NZ$109),Sheet1!$A$381:$B$480,2,FALSE) -> 1st | OE13: =SUM(OC13:OD13) -> 0 | OF13: =REPT(CS13,1) -> 0 | OG13: =REPT(IA13,1) -> 0 | OH13: =OE13+OG13+OF13 -> 0 | OI13: =OH13/2 -> 0 | OJ13: =IF(OI13>=75,"A",IF(OI13>=60,"B",IF(OI13>=50,"C",IF(OI13>=40,"D",IF(OI13>=35,"E","F"))))) -> F | OK13: =VLOOKUP(RANK(OI13,$OI$10:$OI$109),Sheet1!$A$381:$B$480,2,FALSE) -> 1st | ON13: =SUM(OL13:OM13) -> 0 | OO13: =REPT(CY13,1) -> 0 | OP13: =REPT(IL13,1) -> 0 | OQ13: =ON13+OP13+OO13 -> 0 | OR13: =OQ13/3 -> 0 | OS13: =IF(OR13>=75,"A",IF(OR13>=60,"B",IF(OR13>=50,"C",IF(OR13>=40,"D",IF(OR13>=35,"E","F"))))) -> F | OT13: =VLOOKUP(RANK(OR13,$OI$10:$OI$109),Sheet1!$A$381:$B$480,2,FALSE) -> 1st | OU13: =(OI13+NZ13+NQ13+NH13+MY13+MP13+MG13+LX13+LO13+LF13+KW13+KN13+KE13+JV13+JM13+JD13+OR13) -> 387.33333 | OV13: =(OI13+NZ13+NQ13+NH13+MY13+MP13+MG13+LX13+LO13+LF13+KW13+KN13+KE13+JV13+JM13+JD13)/17 -> 22.784314 | OW13: =VLOOKUP(RANK(OV13,$OV$10:$OV$109),Sheet1!$A$381:$B$480,2,FALSE) -> 61st
A14: 5 | B14: ADEBOWALE ISREAL A. | C14: MALE | D14: 26 | E14: 39 | F14: =SUM(D14:E14) -> 65 | G14: =SUM(D14:E14) -> 65 | H14: =IF(G14>=75,"A",IF(G14>=60,"B",IF(G14>=50,"C",IF(G14>=40,"D",IF(G14>=35,"E","F"))))) -> B | I14: =VLOOKUP(RANK(G14,$G$10:$G$109),Sheet1!$A$381:$B$480,2,FALSE) -> 56th | J14: 26 | K14: 25 | L14: =SUM(J14:K14) -> 51 | M14: =SUM(J14:K14) -> 51 | N14: =IF(M14>=75,"A",IF(M14>=60,"B",IF(M14>=50,"C",IF(M14>=40,"D",IF(M14>=35,"E","F"))))) -> C | O14: =VLOOKUP(RANK(M14,$M$10:$M$109),Sheet1!$A$381:$B$480,2,FALSE) -> 56th | P14: 25 | Q14: 10 | R14: =SUM(P14:Q14) -> 35 | S14: =SUM(P14:Q14) -> 35 | T14: =IF(S14>=75,"A",IF(S14>=60,"B",IF(S14>=50,"C",IF(S14>=40,"D",IF(S14>=35,"E","F"))))) -> E | U14: =VLOOKUP(RANK(S14,$S$10:$S$109),Sheet1!$A$381:$B$480,2,FALSE) -> 73rd | V14: 31 | W14: 18 | X14: =SUM(V14:W14) -> 49 | Y14: =SUM(V14:W14) -> 49 | Z14: =IF(Y14>=75,"A",IF(Y14>=60,"B",IF(Y14>=50,"C",IF(Y14>=40,"D",IF(Y14>=35,"E","F"))))) -> D | AA14: =VLOOKUP(RANK(Y14,$Y$10:$Y$109),Sheet1!$A$381:$B$480,2,FALSE) -> 71st | AB14: 29 | AC14: 24 | AD14: =SUM(AB14:AC14) -> 53 | AE14: =SUM(AB14:AC14) -> 53 | AF14: =IF(AE14>=75,"A",IF(AE14>=60,"B",IF(AE14>=50,"C",IF(AE14>=40,"D",IF(AE14>=35,"E","F"))))) -> C | AG14: =VLOOKUP(RANK(AE14,$AE$10:$AE$109),Sheet1!$A$381:$B$480,2,FALSE) -> 63rd | AJ14: =SUM(AH14:AI14) -> 0 | AK14: =SUM(AH14:AI14) -> 0 | AL14: =IF(AK14>=75,"A",IF(AK14>=60,"B",IF(AK14>=50,"C",IF(AK14>=40,"D",IF(AK14>=35,"E","F"))))) -> F | AM14: =VLOOKUP(RANK(AK14,$AK$10:$AK$109),Sheet1!$A$381:$B$480,2,FALSE) -> 1st | AP14: =SUM(AN14:AO14) -> 0 | AQ14: =SUM(AN14:AO14) -> 0 | AR14: =IF(AQ14>=75,"A",IF(AQ14>=60,"B",IF(AQ14>=50,"C",IF(AQ14>=40,"D",IF(AQ14>=35,"E","F"))))) -> F | AS14: =VLOOKUP(RANK(AQ14,$AQ$10:$AQ$109),Sheet1!$A$381:$B$480,2,FALSE) -> 1st | AT14: 23 | AU14: 27 | AV14: =SUM(AT14:AU14) -> 50 | AW14: =SUM(AT14:AU14) -> 50 | AX14: =IF(AW14>=75,"A",IF(AW14>=60,"B",IF(AW14>=50,"C",IF(AW14>=40,"D",IF(AW14>=35,"E","F"))))) -> C | AY14: =VLOOKUP(RANK(AW14,$AW$10:$AW$109),Sheet1!$A$381:$B$480,2,FALSE) -> 58th | AZ14: 32 | BA14: 16 | BB14: =SUM(AZ14:BA14) -> 48 | BC14: =SUM(AZ14:BA14) -> 48 | BD14: =IF(BC14>=75,"A",IF(BC14>=60,"B",IF(BC14>=50,"C",IF(BC14>=40,"D",IF(BC14>=35,"E","F"))))) -> D | BE14: =VLOOKUP(RANK(BC14,$BC$10:$BC$109),Sheet1!$A$381:$B$480,2,FALSE) -> 63rd | BF14: 11 | BG14: 12 | BH14: =SUM(BF14:BG14) -> 23 | BI14: =SUM(BF14:BG14) -> 23 | BJ14: =IF(BI14>=75,"A",IF(BI14>=60,"B",IF(BI14>=50,"C",IF(BI14>=40,"D",IF(BI14>=35,"E","F"))))) -> F | BK14: =VLOOKUP(RANK(BI14,$BI$10:$BI$109),Sheet1!$A$381:$B$480,2,FALSE) -> 89th | BL14: 27 | BM14: 24 | BN14: =SUM(BL14:BM14) -> 51 | BO14: =SUM(BL14:BM14) -> 51 | BP14: =IF(BO14>=75,"A",IF(BO14>=60,"B",IF(BO14>=50,"C",IF(BO14>=40,"D",IF(BO14>=35,"E","F"))))) -> C | BQ14: =VLOOKUP(RANK(BO14,$BO$10:$BO$109),Sheet1!$A$381:$B$480,2,FALSE) -> 69th | BR14: 27 | BS14: 12 | BT14: =SUM(BR14:BS14) -> 39 | BU14: =SUM(BR14:BS14) -> 39 | BV14: =IF(BU14>=75,"A",IF(BU14>=60,"B",IF(BU14>=50,"C",IF(BU14>=40,"D",IF(BU14>=35,"E","F"))))) -> E | BW14: =VLOOKUP(RANK(BU14,$BU$10:$BU$109),Sheet1!$A$381:$B$480,2,FALSE) -> 65th | BX14: 27 | BY14: 10 | BZ14: =SUM(BX14:BY14) -> 37 | CA14: =SUM(BX14:BY14) -> 37 | CB14: =IF(CA14>=75,"A",IF(CA14>=60,"B",IF(CA14>=50,"C",IF(CA14>=40,"D",IF(CA14>=35,"E","F"))))) -> E | CC14: =VLOOKUP(RANK(CA14,$CA$10:$CA$109),Sheet1!$A$381:$B$480,2,FALSE) -> 70th | CD14: 27 | CE14: 30 | CF14: =SUM(CD14:CE14) -> 57 | CG14: =SUM(CD14:CE14) -> 57 | CH14: =IF(CG14>=75,"A",IF(CG14>=60,"B",IF(CG14>=50,"C",IF(CG14>=40,"D",IF(CG14>=35,"E","F"))))) -> C | CI14: =VLOOKUP(RANK(CG14,$CG$10:$CG$109),Sheet1!$A$381:$B$480,2,FALSE) -> 38th | CL14: =SUM(CJ14:CK14) -> 0 | CM14: =SUM(CJ14:CK14) -> 0 | CN14: =IF(CM14>=75,"A",IF(CM14>=60,"B",IF(CM14>=50,"C",IF(CM14>=40,"D",IF(CM14>=35,"E","F"))))) -> F | CO14: =VLOOKUP(RANK(CM14,$CM$10:$CM$109),Sheet1!$A$381:$B$480,2,FALSE) -> 1st | CR14: =SUM(CP14:CQ14) -> 0 | CS14: =SUM(CP14:CQ14) -> 0 | CT14: =IF(CS14>=75,"A",IF(CS14>=60,"B",IF(CS14>=50,"C",IF(CS14>=40,"D",IF(CS14>=35,"E","F"))))) -> F | CU14: =VLOOKUP(RANK(CS14,$CS$10:$CS$109),Sheet1!$A$381:$B$480,2,FALSE) -> 1st | CX14: =SUM(CV14:CW14) -> 0 | CY14: =SUM(CV14:CW14) -> 0 | CZ14: =IF(CY14>=75,"A",IF(CY14>=60,"B",IF(CY14>=50,"C",IF(CY14>=40,"D",IF(CY14>=35,"E","F"))))) -> F | DA14: =VLOOKUP(RANK(CY14,$CY$10:$CY$109),Sheet1!$A$381:$B$480,2,FALSE) -> 1st | DC14: =CR14+CL14+CF14+BZ14+BT14+BH14+BB14+AV14+AP14+AJ14+AD14+X14+L14+F14+BN14+R14+CX14 -> 558 | DD14: =DC14/17 -> 32.823529 | DE14: =VLOOKUP(RANK(DD14,$DD$10:$DD$109),Sheet1!$A$381:$B$480,2,FALSE) -> 72nd | DG14: =SUM(DC14:DD14) -> 590.82353 | DI14: 16 | DJ14: 52 | DK14: =SUM(DI14:DJ14) -> 68 | DL14: =REPT(G14,1) -> 65 | DM14: =DK14+DL14 -> 133 | DN14: =DM14/2 -> 66.5 | DO14: =IF(DN14>=75,"A",IF(DN14>=60,"B",IF(DN14>=50,"C",IF(DN14>=40,"D",IF(DN14>=35,"E","F"))))) -> B | DP14: =VLOOKUP(RANK(DN14,$DN$10:$DN$109),Sheet1!$A$381:$B$480,2,FALSE) -> 50th | DQ14: 26 | DR14: 17 | DS14: =SUM(DQ14:DR14) -> 43 | DT14: =REPT(M14,1) -> 51 | DU14: =DS14+DT14 -> 94 | DV14: =DU14/2 -> 47 | DW14: =IF(DV14>=75,"A",IF(DV14>=60,"B",IF(DV14>=50,"C",IF(DV14>=40,"D",IF(DV14>=35,"E","F"))))) -> D | DX14: =VLOOKUP(RANK(DV14,$DV$10:$DV$109),Sheet1!$A$381:$B$480,2,FALSE) -> 64th | DY14: 33 | DZ14: 16 | EA14: =SUM(DY14:DZ14) -> 49 | EB14: =REPT(S14,1) -> 35 | EC14: =EA14+EB14 -> 84 | ED14: =EC14/2 -> 42 | EE14: =IF(ED14>=75,"A",IF(ED14>=60,"B",IF(ED14>=50,"C",IF(ED14>=40,"D",IF(ED14>=35,"E","F"))))) -> D | EF14: =VLOOKUP(RANK(ED14,$ED$10:$ED$109),Sheet1!$A$381:$B$480,2,FALSE) -> 61st | EG14: 24 | EH14: 28 | EI14: =SUM(EG14:EH14) -> 52 | EJ14: =REPT(X14,1) -> 49 | EK14: =EI14+EJ14 -> 101 | EL14: =EK14/2 -> 50.5 | EM14: =IF(EL14>=75,"A",IF(EL14>=60,"B",IF(EL14>=50,"C",IF(EL14>=40,"D",IF(EL14>=35,"E","F"))))) -> C | EN14: =VLOOKUP(RANK(EL14,$EL$10:$EL$109),Sheet1!$A$381:$B$480,2,FALSE) -> 62nd | EO14: 28 | EP14: 15 | EQ14: =SUM(EO14:EP14) -> 43 | ER14: =REPT(AE14,1) -> 53 | ES14: =EQ14+ER14 -> 96 | ET14: =ES14/2 -> 48 | EU14: =IF(ET14>=75,"A",IF(ET14>=60,"B",IF(ET14>=50,"C",IF(ET14>=40,"D",IF(ET14>=35,"E","F"))))) -> D | EV14: =VLOOKUP(RANK(ET14,$ET$10:$ET$109),Sheet1!$A$381:$B$480,2,FALSE) -> 65th | EY14: =SUM(EW14:EX14) -> 0 | EZ14: =REPT(AK14,1) -> 0 | FA14: =EY14+EZ14 -> 0 | FB14: =FA14/2 -> 0 | FC14: =IF(FB14>=75,"A",IF(FB14>=60,"B",IF(FB14>=50,"C",IF(FB14>=40,"D",IF(FB14>=35,"E","F"))))) -> F | FD14: =VLOOKUP(RANK(FB14,$FB$10:$FB$109),Sheet1!$A$381:$B$480,2,FALSE) -> 1st | FG14: =SUM(FE14:FF14) -> 0 | FH14: =REPT(AQ14,1) -> 0 | FI14: =FG14+FH14 -> 0 | FJ14: =FI14/2 -> 0 | FK14: =IF(FJ14>=75,"A",IF(FJ14>=60,"B",IF(FJ14>=50,"C",IF(FJ14>=40,"D",IF(FJ14>=35,"E","F"))))) -> F | FL14: =VLOOKUP(RANK(FJ14,$FJ$10:$FJ$109),Sheet1!$A$381:$B$480,2,FALSE) -> 1st | FM14: 25 | FN14: 26 | FO14: =SUM(FM14:FN14) -> 51 | FP14: =REPT(AW14,1) -> 50 | FQ14: =FO14+FP14 -> 101 | FR14: =FQ14/2 -> 50.5 | FS14: =IF(FR14>=75,"A",IF(FR14>=60,"B",IF(FR14>=50,"C",IF(FR14>=40,"D",IF(FR14>=35,"E","F"))))) -> C | FT14: =VLOOKUP(RANK(FR14,$FR$10:$FR$109),Sheet1!$A$381:$B$480,2,FALSE) -> 65th | FU14: 26 | FV14: 20 | FW14: =SUM(FU14:FV14) -> 46 | FX14: =REPT(BB14,1) -> 48 | FY14: =SUM(FW14:FX14) -> 46 | FZ14: =FY14/2 -> 23 | GA14: =IF(FZ14>=75,"A",IF(FZ14>=60,"B",IF(FZ14>=50,"C",IF(FZ14>=40,"D",IF(FZ14>=35,"E","F"))))) -> F | GB14: =VLOOKUP(RANK(FZ14,$FZ$10:$FZ$109),Sheet1!$A$381:$B$480,2,FALSE) -> 61st | GC14: 13 | GD14: 29 | GE14: =SUM(GC14:GD14) -> 42 | GF14: =REPT(BI14,1) -> 23 | GG14: =GE14+GF14 -> 65 | GH14: =GG14/2 -> 32.5 | GI14: =IF(GH14>=75,"A",IF(GH14>=60,"B",IF(GH14>=50,"C",IF(GH14>=40,"D",IF(GH14>=35,"E","F"))))) -> F | GJ14: =VLOOKUP(RANK(GH14,$GH$10:$GH$109),Sheet1!$A$381:$B$480,2,FALSE) -> 69th | GK14: 25 | GL14: 20 | GM14: =SUM(GK14:GL14) -> 45 | GN14: =REPT(BO14,1) -> 51 | GO14: =GM14+GN14 -> 96 | GP14: =GO14/2 -> 48 | GQ14: =IF(GP14>=75,"A",IF(GP14>=60,"B",IF(GP14>=50,"C",IF(GP14>=40,"D",IF(GP14>=35,"E","F"))))) -> D | GR14: =VLOOKUP(RANK(GP14,$GP$10:$GP$109),Sheet1!$A$381:$B$480,2,FALSE) -> 45th | GS14: 16 | GT14: 15 | GU14: =SUM(GS14:GT14) -> 31 | GV14: =REPT(BU14,1) -> 39 | GW14: =GU14+GV14 -> 70 | GX14: =GW14/2 -> 35 | GY14: =IF(GX14>=75,"A",IF(GX14>=60,"B",IF(GX14>=50,"C",IF(GX14>=40,"D",IF(GX14>=35,"E","F"))))) -> E | GZ14: =VLOOKUP(RANK(GX14,$GX$10:$GX$109),Sheet1!$A$381:$B$480,2,FALSE) -> 86th | HA14: 28 | HB14: 16 | HC14: =SUM(HA14:HB14) -> 44 | HD14: =REPT(CA14,1) -> 37 | HE14: =HC14+HD14 -> 81 | HF14: =HE14/2 -> 40.5 | HG14: =IF(HF14>=75,"A",IF(HF14>=60,"B",IF(HF14>=50,"C",IF(HF14>=40,"D",IF(HF14>=35,"E","F"))))) -> D | HH14: =VLOOKUP(RANK(HF14,$HF$10:$HF$109),Sheet1!$A$381:$B$480,2,FALSE) -> 57th | HI14: 28 | HJ14: 47 | HK14: =SUM(HI14:HJ14) -> 75 | HL14: =REPT(CG14,1) -> 57 | HM14: =HK14+HL14 -> 132 | HN14: =HM14/2 -> 66 | HO14: =IF(HN14>=75,"A",IF(HN14>=60,"B",IF(HN14>=50,"C",IF(HN14>=40,"D",IF(HN14>=35,"E","F"))))) -> B | HP14: =VLOOKUP(RANK(HN14,$HN$10:$HN$109),Sheet1!$A$381:$B$480,2,FALSE) -> 42nd | HS14: =SUM(HQ14:HR14) -> 0 | HT14: =REPT(CM14,1) -> 0 | HU14: =HS14+HT14 -> 0 | HV14: =HU14/2 -> 0 | HW14: =IF(HV14>=75,"A",IF(HV14>=60,"B",IF(HV14>=50,"C",IF(HV14>=40,"D",IF(HV14>=35,"E","F"))))) -> F | HX14: =VLOOKUP(RANK(HV14,$HV$10:$HV$109),Sheet1!$A$381:$B$480,2,FALSE) -> 1st | IA14: =SUM(HY14:HZ14) -> 0 | IB14: =REPT(CS14,1) -> 0 | IC14: =IA14+IB14 -> 0 | ID14: =IC14/2 -> 0 | IE14: =IF(ID14>=75,"A",IF(ID14>=60,"B",IF(ID14>=50,"C",IF(ID14>=40,"D",IF(ID14>=35,"E","F"))))) -> F | IF14: =VLOOKUP(RANK(ID14,$ID$10:$ID$109),Sheet1!$A$381:$B$480,2,FALSE) -> 1st | II14: =SUM(IG14:IH14) -> 0 | IJ14: =REPT(CY14,1) -> 0 | IK14: =II14+IJ14 -> 0 | IL14: =IK14/2 -> 0 | IM14: =IF(IL14>=75,"A",IF(IL14>=60,"B",IF(IL14>=50,"C",IF(IL14>=40,"D",IF(IL14>=35,"E","F"))))) -> F | IN14: =VLOOKUP(RANK(IL14,$IL$10:$IL$109),Sheet1!$A$381:$B$480,2,FALSE) -> 1st | IO14: =ID14+HV14+HN14+HF14+GX14+GP14+GH14+FZ14+FR14+FJ14+FB14+ET14+EL14+ED14+DV14+DN14+IL14 -> 549.5 | IP14: =IO14/17 -> 32.323529 | IQ14: =VLOOKUP(RANK(IP14,$IP$10:$IP$109),Sheet1!$A$381:$B$480,2,FALSE) -> 64th | IZ14: =SUM(IX14:IY14) -> 0 | JA14: =REPT(G14,1) -> 65 | JB14: =REPT(DK14,1) -> 68 | JC14: =IZ14+JA14+JB14 -> 133 | JD14: =JC14/3 -> 44.333333 | JE14: =IF(JD14>=75,"A",IF(JD14>=60,"B",IF(JD14>=50,"C",IF(JD14>=40,"D",IF(JD14>=35,"E","F"))))) -> D | JF14: =VLOOKUP(RANK(JD14,$JD$10:$JD$109),Sheet1!$A$381:$B$480,2,FALSE) -> 50th | JI14: =SUM(JG14:JH14) -> 0 | JJ14: =REPT(M14,1) -> 51 | JK14: =REPT(DS14,1) -> 43 | JL14: =JI14+JJ14+JK14 -> 94 | JM14: =JL14/3 -> 31.333333 | JN14: =IF(JM14>=75,"A",IF(JM14>=60,"B",IF(JM14>=50,"C",IF(JM14>=40,"D",IF(JM14>=35,"E","F"))))) -> F | JO14: =VLOOKUP(RANK(JM14,$JM$10:$JM$109),Sheet1!$A$381:$B$480,2,FALSE) -> 64th | JR14: =SUM(JP14:JQ14) -> 0 | JS14: =REPT(S14,1) -> 35 | JT14: =REPT(EA14,1) -> 49 | JU14: =JR14+JS14+JT14 -> 84 | JV14: =JU14/3 -> 28 | JW14: =IF(JV14>=75,"A",IF(JV14>=60,"B",IF(JV14>=50,"C",IF(JV14>=40,"D",IF(JV14>=35,"E","F"))))) -> F | JX14: =VLOOKUP(RANK(JV14,$JV$10:$JV$109),Sheet1!$A$381:$B$480,2,FALSE) -> 61st | KA14: =SUM(JY14:JZ14) -> 0 | KB14: =REPT(X14,1) -> 49 | KC14: =REPT(EI14,1) -> 52 | KD14: =KA14+KB14+KC14 -> 101 | KE14: =KD14/3 -> 33.666667 | KF14: =IF(KE14>=75,"A",IF(KE14>=60,"B",IF(KE14>=50,"C",IF(KE14>=40,"D",IF(KE14>=35,"E","F"))))) -> F | KG14: =VLOOKUP(RANK(KE14,$KE$10:$KE$109),Sheet1!$A$381:$B$480,2,FALSE) -> 62nd | KJ14: =SUM(KH14:KI14) -> 0 | KK14: =REPT(AD14,1) -> 53 | KL14: =REPT(EQ14,1) -> 43 | KM14: =KJ14+KK14+KL14 -> 96 | KN14: =KM14/3 -> 32 | KO14: =IF(KN14>=75,"A",IF(KN14>=60,"B",IF(KN14>=50,"C",IF(KN14>=40,"D",IF(KN14>=35,"E","F"))))) -> F | KP14: =VLOOKUP(RANK(KN14,$KN$10:$KN$109),Sheet1!$A$381:$B$480,2,FALSE) -> 65th | KS14: =SUM(KQ14:KR14) -> 0 | KT14: =REPT(AK14,1) -> 0 | KU14: =REPT(EY14,1) -> 0 | KV14: =KS14+KT14+KU14 -> 0 | KW14: =KV14/3 -> 0 | KX14: =IF(KW14>=75,"A",IF(KW14>=60,"B",IF(KW14>=50,"C",IF(KW14>=40,"D",IF(KW14>=35,"E","F"))))) -> F | KY14: =VLOOKUP(RANK(KW14,$KW$10:$KW$109),Sheet1!$A$381:$B$480,2,FALSE) -> 1st | LB14: =SUM(KZ14:LA14) -> 0 | LC14: =REPT(AQ14,1) -> 0 | LD14: =REPT(FG14,1) -> 0 | LE14: =LB14+LC14+LD14 -> 0 | LF14: =LE14/3 -> 0 | LG14: =IF(LF14>=75,"A",IF(LF14>=60,"B",IF(LF14>=50,"C",IF(LF14>=40,"D",IF(LF14>=35,"E","F"))))) -> F | LH14: =VLOOKUP(RANK(LF14,$LF$10:$LF$109),Sheet1!$A$381:$B$480,2,FALSE) -> 1st | LK14: =SUM(LI14:LJ14) -> 0 | LL14: =REPT(AW14,1) -> 50 | LM14: =REPT(FO14,1) -> 51 | LN14: =LK14+LL14+LM14 -> 101 | LO14: =LN14/3 -> 33.666667 | LP14: =IF(LO14>=75,"A",IF(LO14>=60,"B",IF(LO14>=50,"C",IF(LO14>=40,"D",IF(LO14>=35,"E","F"))))) -> F | LQ14: =VLOOKUP(RANK(LO14,$LO$10:$LO$109),Sheet1!$A$381:$B$480,2,FALSE) -> 65th | LT14: =SUM(LR14:LS14) -> 0 | LU14: =REPT(BB14,1) -> 48 | LV14: =REPT(FW14,1) -> 46 | LW14: =LT14+LV14+LU14 -> 94 | LX14: =LW14/3 -> 31.333333 | LY14: =IF(LX14>=75,"A",IF(LX14>=60,"B",IF(LX14>=50,"C",IF(LX14>=40,"D",IF(LX14>=35,"E","F"))))) -> F | LZ14: =VLOOKUP(RANK(LX14,$LX$10:$LX$109),Sheet1!$A$381:$B$480,2,FALSE) -> 70th | MC14: =SUM(MA14:MB14) -> 0 | MD14: =REPT(BI14,1) -> 23 | ME14: =REPT(GE14,1) -> 42 | MF14: =MC14+MD14+ME14 -> 65 | MG14: =MF14/3 -> 21.666667 | MH14: =IF(MG14>=75,"A",IF(MG14>=60,"B",IF(MG14>=50,"C",IF(MG14>=40,"D",IF(MG14>=35,"E","F"))))) -> F | MI14: =VLOOKUP(RANK(MG14,$MG$10:$MG$109),Sheet1!$A$381:$B$480,2,FALSE) -> 69th | ML14: =SUM(MJ14:MK14) -> 0 | MM14: =REPT(BO14,1) -> 51 | MN14: =REPT(GM14,1) -> 45 | MO14: =ML14+MM14+MN14 -> 96 | MP14: =MO14/3 -> 32 | MQ14: =IF(MP14>=75,"A",IF(MP14>=60,"B",IF(MP14>=50,"C",IF(MP14>=40,"D",IF(MP14>=35,"E","F"))))) -> F | MR14: =VLOOKUP(RANK(MP14,$MP$10:$MP$109),Sheet1!$A$381:$B$480,2,FALSE) -> 45th | MU14: =SUM(MS14:MT14) -> 0 | MV14: =REPT(BU14,1) -> 39 | MW14: =REPT(GU14,1) -> 31 | MX14: =MU14+MV14+MW14 -> 70 | MY14: =MX14/3 -> 23.333333 | MZ14: =IF(MY14>=75,"A",IF(MY14>=60,"B",IF(MY14>=50,"C",IF(MY14>=40,"D",IF(MY14>=35,"E","F"))))) -> F | NA14: =VLOOKUP(RANK(MY14,$MY$10:$MY$109),Sheet1!$A$381:$B$480,2,FALSE) -> 86th | ND14: =SUM(NB14:NC14) -> 0 | NE14: =REPT(CA14,1) -> 37 | NF14: =REPT(HC14,1) -> 44 | NG14: =ND14+NF14+NE14 -> 81 | NH14: =NG14/3 -> 27 | NI14: =IF(NH14>=75,"A",IF(NH14>=60,"B",IF(NH14>=50,"C",IF(NH14>=40,"D",IF(NH14>=35,"E","F"))))) -> F | NJ14: =VLOOKUP(RANK(NH14,$NH$10:$NH$109),Sheet1!$A$381:$B$480,2,FALSE) -> 57th | NM14: =SUM(NK14:NL14) -> 0 | NN14: =REPT(CG14,1) -> 57 | NO14: =REPT(HK14,1) -> 75 | NP14: =NM14+NO14+NN14 -> 132 | NQ14: =NP14/3 -> 44 | NR14: =IF(NQ14>=75,"A",IF(NQ14>=60,"B",IF(NQ14>=50,"C",IF(NQ14>=40,"D",IF(NQ14>=35,"E","F"))))) -> D | NS14: =VLOOKUP(RANK(NQ14,$NQ$10:$NQ$109),Sheet1!$A$381:$B$480,2,FALSE) -> 42nd | NV14: =SUM(NT14:NU14) -> 0 | NW14: =REPT(CM14,1) -> 0 | NX14: =REPT(HS14,1) -> 0 | NY14: =NV14+NX14+NW14 -> 0 | NZ14: =NY14/3 -> 0 | OA14: =IF(NZ14>=75,"A",IF(NZ14>=60,"B",IF(NZ14>=50,"C",IF(NZ14>=40,"D",IF(NZ14>=35,"E","F"))))) -> F | OB14: =VLOOKUP(RANK(NZ14,$NZ$10:$NZ$109),Sheet1!$A$381:$B$480,2,FALSE) -> 1st | OE14: =SUM(OC14:OD14) -> 0 | OF14: =REPT(CS14,1) -> 0 | OG14: =REPT(IA14,1) -> 0 | OH14: =OE14+OG14+OF14 -> 0 | OI14: =OH14/2 -> 0 | OJ14: =IF(OI14>=75,"A",IF(OI14>=60,"B",IF(OI14>=50,"C",IF(OI14>=40,"D",IF(OI14>=35,"E","F"))))) -> F | OK14: =VLOOKUP(RANK(OI14,$OI$10:$OI$109),Sheet1!$A$381:$B$480,2,FALSE) -> 1st | ON14: =SUM(OL14:OM14) -> 0 | OO14: =REPT(CY14,1) -> 0 | OP14: =REPT(IL14,1) -> 0 | OQ14: =ON14+OP14+OO14 -> 0 | OR14: =OQ14/3 -> 0 | OS14: =IF(OR14>=75,"A",IF(OR14>=60,"B",IF(OR14>=50,"C",IF(OR14>=40,"D",IF(OR14>=35,"E","F"))))) -> F | OT14: =VLOOKUP(RANK(OR14,$OI$10:$OI$109),Sheet1!$A$381:$B$480,2,FALSE) -> 1st | OU14: =(OI14+NZ14+NQ14+NH14+MY14+MP14+MG14+LX14+LO14+LF14+KW14+KN14+KE14+JV14+JM14+JD14+OR14) -> 382.33333 | OV14: =(OI14+NZ14+NQ14+NH14+MY14+MP14+MG14+LX14+LO14+LF14+KW14+KN14+KE14+JV14+JM14+JD14)/17 -> 22.490196 | OW14: =VLOOKUP(RANK(OV14,$OV$10:$OV$109),Sheet1!$A$381:$B$480,2,FALSE) -> 63rd
A15: 6 | B15: ADEKOYA TAOFEEQ OLUWAFEMI | C15: MALE | D15: 30 | E15: 52 | F15: =SUM(D15:E15) -> 82 | G15: =SUM(D15:E15) -> 82 | H15: =IF(G15>=75,"A",IF(G15>=60,"B",IF(G15>=50,"C",IF(G15>=40,"D",IF(G15>=35,"E","F"))))) -> A | I15: =VLOOKUP(RANK(G15,$G$10:$G$109),Sheet1!$A$381:$B$480,2,FALSE) -> 2nd | J15: 27 | K15: 20 | L15: =SUM(J15:K15) -> 47 | M15: =SUM(J15:K15) -> 47 | N15: =IF(M15>=75,"A",IF(M15>=60,"B",IF(M15>=50,"C",IF(M15>=40,"D",IF(M15>=35,"E","F"))))) -> D | O15: =VLOOKUP(RANK(M15,$M$10:$M$109),Sheet1!$A$381:$B$480,2,FALSE) -> 75th | P15: 26 | Q15: 10 | R15: =SUM(P15:Q15) -> 36 | S15: =SUM(P15:Q15) -> 36 | T15: =IF(S15>=75,"A",IF(S15>=60,"B",IF(S15>=50,"C",IF(S15>=40,"D",IF(S15>=35,"E","F"))))) -> E | U15: =VLOOKUP(RANK(S15,$S$10:$S$109),Sheet1!$A$381:$B$480,2,FALSE) -> 72nd | V15: 28 | W15: 17 | X15: =SUM(V15:W15) -> 45 | Y15: =SUM(V15:W15) -> 45 | Z15: =IF(Y15>=75,"A",IF(Y15>=60,"B",IF(Y15>=50,"C",IF(Y15>=40,"D",IF(Y15>=35,"E","F"))))) -> D | AA15: =VLOOKUP(RANK(Y15,$Y$10:$Y$109),Sheet1!$A$381:$B$480,2,FALSE) -> 78th | AB15: 30 | AC15: 31 | AD15: =SUM(AB15:AC15) -> 61 | AE15: =SUM(AB15:AC15) -> 61 | AF15: =IF(AE15>=75,"A",IF(AE15>=60,"B",IF(AE15>=50,"C",IF(AE15>=40,"D",IF(AE15>=35,"E","F"))))) -> B | AG15: =VLOOKUP(RANK(AE15,$AE$10:$AE$109),Sheet1!$A$381:$B$480,2,FALSE) -> 50th | AJ15: =SUM(AH15:AI15) -> 0 | AK15: =SUM(AH15:AI15) -> 0 | AL15: =IF(AK15>=75,"A",IF(AK15>=60,"B",IF(AK15>=50,"C",IF(AK15>=40,"D",IF(AK15>=35,"E","F"))))) -> F | AM15: =VLOOKUP(RANK(AK15,$AK$10:$AK$109),Sheet1!$A$381:$B$480,2,FALSE) -> 1st | AP15: =SUM(AN15:AO15) -> 0 | AQ15: =SUM(AN15:AO15) -> 0 | AR15: =IF(AQ15>=75,"A",IF(AQ15>=60,"B",IF(AQ15>=50,"C",IF(AQ15>=40,"D",IF(AQ15>=35,"E","F"))))) -> F | AS15: =VLOOKUP(RANK(AQ15,$AQ$10:$AQ$109),Sheet1!$A$381:$B$480,2,FALSE) -> 1st | AT15: 24 | AU15: 26 | AV15: =SUM(AT15:AU15) -> 50 | AW15: =SUM(AT15:AU15) -> 50 | AX15: =IF(AW15>=75,"A",IF(AW15>=60,"B",IF(AW15>=50,"C",IF(AW15>=40,"D",IF(AW15>=35,"E","F"))))) -> C | AY15: =VLOOKUP(RANK(AW15,$AW$10:$AW$109),Sheet1!$A$381:$B$480,2,FALSE) -> 58th | AZ15: 32 | BA15: 18 | BB15: =SUM(AZ15:BA15) -> 50 | BC15: =SUM(AZ15:BA15) -> 50 | BD15: =IF(BC15>=75,"A",IF(BC15>=60,"B",IF(BC15>=50,"C",IF(BC15>=40,"D",IF(BC15>=35,"E","F"))))) -> C | BE15: =VLOOKUP(RANK(BC15,$BC$10:$BC$109),Sheet1!$A$381:$B$480,2,FALSE) -> 62nd | BF15: 11 | BG15: 12 | BH15: =SUM(BF15:BG15) -> 23 | BI15: =SUM(BF15:BG15) -> 23 | BJ15: =IF(BI15>=75,"A",IF(BI15>=60,"B",IF(BI15>=50,"C",IF(BI15>=40,"D",IF(BI15>=35,"E","F"))))) -> F | BK15: =VLOOKUP(RANK(BI15,$BI$10:$BI$109),Sheet1!$A$381:$B$480,2,FALSE) -> 89th | BL15: 26 | BM15: 28 | BN15: =SUM(BL15:BM15) -> 54 | BO15: =SUM(BL15:BM15) -> 54 | BP15: =IF(BO15>=75,"A",IF(BO15>=60,"B",IF(BO15>=50,"C",IF(BO15>=40,"D",IF(BO15>=35,"E","F"))))) -> C | BQ15: =VLOOKUP(RANK(BO15,$BO$10:$BO$109),Sheet1!$A$381:$B$480,2,FALSE) -> 23rd | BR15: 28 | BS15: 8 | BT15: =SUM(BR15:BS15) -> 36 | BU15: =SUM(BR15:BS15) -> 36 | BV15: =IF(BU15>=75,"A",IF(BU15>=60,"B",IF(BU15>=50,"C",IF(BU15>=40,"D",IF(BU15>=35,"E","F"))))) -> E | BW15: =VLOOKUP(RANK(BU15,$BU$10:$BU$109),Sheet1!$A$381:$B$480,2,FALSE) -> 76th | BX15: 27 | BY15: 10 | BZ15: =SUM(BX15:BY15) -> 37 | CA15: =SUM(BX15:BY15) -> 37 | CB15: =IF(CA15>=75,"A",IF(CA15>=60,"B",IF(CA15>=50,"C",IF(CA15>=40,"D",IF(CA15>=35,"E","F"))))) -> E | CC15: =VLOOKUP(RANK(CA15,$CA$10:$CA$109),Sheet1!$A$381:$B$480,2,FALSE) -> 70th | CD15: 28 | CE15: 30 | CF15: =SUM(CD15:CE15) -> 58 | CG15: =SUM(CD15:CE15) -> 58 | CH15: =IF(CG15>=75,"A",IF(CG15>=60,"B",IF(CG15>=50,"C",IF(CG15>=40,"D",IF(CG15>=35,"E","F"))))) -> C | CI15: =VLOOKUP(RANK(CG15,$CG$10:$CG$109),Sheet1!$A$381:$B$480,2,FALSE) -> 35th | CL15: =SUM(CJ15:CK15) -> 0 | CM15: =SUM(CJ15:CK15) -> 0 | CN15: =IF(CM15>=75,"A",IF(CM15>=60,"B",IF(CM15>=50,"C",IF(CM15>=40,"D",IF(CM15>=35,"E","F"))))) -> F | CO15: =VLOOKUP(RANK(CM15,$CM$10:$CM$109),Sheet1!$A$381:$B$480,2,FALSE) -> 1st | CR15: =SUM(CP15:CQ15) -> 0 | CS15: =SUM(CP15:CQ15) -> 0 | CT15: =IF(CS15>=75,"A",IF(CS15>=60,"B",IF(CS15>=50,"C",IF(CS15>=40,"D",IF(CS15>=35,"E","F"))))) -> F | CU15: =VLOOKUP(RANK(CS15,$CS$10:$CS$109),Sheet1!$A$381:$B$480,2,FALSE) -> 1st | CX15: =SUM(CV15:CW15) -> 0 | CY15: =SUM(CV15:CW15) -> 0 | CZ15: =IF(CY15>=75,"A",IF(CY15>=60,"B",IF(CY15>=50,"C",IF(CY15>=40,"D",IF(CY15>=35,"E","F"))))) -> F | DA15: =VLOOKUP(RANK(CY15,$CY$10:$CY$109),Sheet1!$A$381:$B$480,2,FALSE) -> 1st | DC15: =CR15+CL15+CF15+BZ15+BT15+BH15+BB15+AV15+AP15+AJ15+AD15+X15+L15+F15+BN15+R15+CX15 -> 579 | DD15: =DC15/17 -> 34.058824 | DE15: =VLOOKUP(RANK(DD15,$DD$10:$DD$109),Sheet1!$A$381:$B$480,2,FALSE) -> 64th | DG15: =SUM(DC15:DD15) -> 613.05882 | DI15: 18 | DJ15: 52 | DK15: =SUM(DI15:DJ15) -> 70 | DL15: =REPT(G15,1) -> 82 | DM15: =DK15+DL15 -> 152 | DN15: =DM15/2 -> 76 | DO15: =IF(DN15>=75,"A",IF(DN15>=60,"B",IF(DN15>=50,"C",IF(DN15>=40,"D",IF(DN15>=35,"E","F"))))) -> A | DP15: =VLOOKUP(RANK(DN15,$DN$10:$DN$109),Sheet1!$A$381:$B$480,2,FALSE) -> 14th | DQ15: 25 | DR15: 19 | DS15: =SUM(DQ15:DR15) -> 44 | DT15: =REPT(M15,1) -> 47 | DU15: =DS15+DT15 -> 91 | DV15: =DU15/2 -> 45.5 | DW15: =IF(DV15>=75,"A",IF(DV15>=60,"B",IF(DV15>=50,"C",IF(DV15>=40,"D",IF(DV15>=35,"E","F"))))) -> D | DX15: =VLOOKUP(RANK(DV15,$DV$10:$DV$109),Sheet1!$A$381:$B$480,2,FALSE) -> 68th | DY15: 20 | DZ15: 14 | EA15: =SUM(DY15:DZ15) -> 34 | EB15: =REPT(S15,1) -> 36 | EC15: =EA15+EB15 -> 70 | ED15: =EC15/2 -> 35 | EE15: =IF(ED15>=75,"A",IF(ED15>=60,"B",IF(ED15>=50,"C",IF(ED15>=40,"D",IF(ED15>=35,"E","F"))))) -> E | EF15: =VLOOKUP(RANK(ED15,$ED$10:$ED$109),Sheet1!$A$381:$B$480,2,FALSE) -> 86th | EG15: 25 | EH15: 27 | EI15: =SUM(EG15:EH15) -> 52 | EJ15: =REPT(X15,1) -> 45 | EK15: =EI15+EJ15 -> 97 | EL15: =EK15/2 -> 48.5 | EM15: =IF(EL15>=75,"A",IF(EL15>=60,"B",IF(EL15>=50,"C",IF(EL15>=40,"D",IF(EL15>=35,"E","F"))))) -> D | EN15: =VLOOKUP(RANK(EL15,$EL$10:$EL$109),Sheet1!$A$381:$B$480,2,FALSE) -> 67th | EO15: 21 | EP15: 11 | EQ15: =SUM(EO15:EP15) -> 32 | ER15: =REPT(AE15,1) -> 61 | ES15: =EQ15+ER15 -> 93 | ET15: =ES15/2 -> 46.5 | EU15: =IF(ET15>=75,"A",IF(ET15>=60,"B",IF(ET15>=50,"C",IF(ET15>=40,"D",IF(ET15>=35,"E","F"))))) -> D | EV15: =VLOOKUP(RANK(ET15,$ET$10:$ET$109),Sheet1!$A$381:$B$480,2,FALSE) -> 67th | EY15: =SUM(EW15:EX15) -> 0 | EZ15: =REPT(AK15,1) -> 0 | FA15: =EY15+EZ15 -> 0 | FB15: =FA15/2 -> 0 | FC15: =IF(FB15>=75,"A",IF(FB15>=60,"B",IF(FB15>=50,"C",IF(FB15>=40,"D",IF(FB15>=35,"E","F"))))) -> F | FD15: =VLOOKUP(RANK(FB15,$FB$10:$FB$109),Sheet1!$A$381:$B$480,2,FALSE) -> 1st | FG15: =SUM(FE15:FF15) -> 0 | FH15: =REPT(AQ15,1) -> 0 | FI15: =FG15+FH15 -> 0 | FJ15: =FI15/2 -> 0 | FK15: =IF(FJ15>=75,"A",IF(FJ15>=60,"B",IF(FJ15>=50,"C",IF(FJ15>=40,"D",IF(FJ15>=35,"E","F"))))) -> F | FL15: =VLOOKUP(RANK(FJ15,$FJ$10:$FJ$109),Sheet1!$A$381:$B$480,2,FALSE) -> 1st | FM15: 25 | FN15: 25 | FO15: =SUM(FM15:FN15) -> 50 | FP15: =REPT(AW15,1) -> 50 | FQ15: =FO15+FP15 -> 100 | FR15: =FQ15/2 -> 50 | FS15: =IF(FR15>=75,"A",IF(FR15>=60,"B",IF(FR15>=50,"C",IF(FR15>=40,"D",IF(FR15>=35,"E","F"))))) -> C | FT15: =VLOOKUP(RANK(FR15,$FR$10:$FR$109),Sheet1!$A$381:$B$480,2,FALSE) -> 77th | FU15: 27 | FV15: 15 | FW15: =SUM(FU15:FV15) -> 42 | FX15: =REPT(BB15,1) -> 50 | FY15: =SUM(FW15:FX15) -> 42 | FZ15: =FY15/2 -> 21 | GA15: =IF(FZ15>=75,"A",IF(FZ15>=60,"B",IF(FZ15>=50,"C",IF(FZ15>=40,"D",IF(FZ15>=35,"E","F"))))) -> F | GB15: =VLOOKUP(RANK(FZ15,$FZ$10:$FZ$109),Sheet1!$A$381:$B$480,2,FALSE) -> 70th | GC15: 8 | GD15: 28 | GE15: =SUM(GC15:GD15) -> 36 | GF15: =REPT(BI15,1) -> 23 | GG15: =GE15+GF15 -> 59 | GH15: =GG15/2 -> 29.5 | GI15: =IF(GH15>=75,"A",IF(GH15>=60,"B",IF(GH15>=50,"C",IF(GH15>=40,"D",IF(GH15>=35,"E","F"))))) -> F | GJ15: =VLOOKUP(RANK(GH15,$GH$10:$GH$109),Sheet1!$A$381:$B$480,2,FALSE) -> 82nd | GK15: 26 | GL15: 21 | GM15: =SUM(GK15:GL15) -> 47 | GN15: =REPT(BO15,1) -> 54 | GO15: =GM15+GN15 -> 101 | GP15: =GO15/2 -> 50.5 | GQ15: =IF(GP15>=75,"A",IF(GP15>=60,"B",IF(GP15>=50,"C",IF(GP15>=40,"D",IF(GP15>=35,"E","F"))))) -> C | GR15: =VLOOKUP(RANK(GP15,$GP$10:$GP$109),Sheet1!$A$381:$B$480,2,FALSE) -> 19th | GS15: 19 | GT15: 15 | GU15: =SUM(GS15:GT15) -> 34 | GV15: =REPT(BU15,1) -> 36 | GW15: =GU15+GV15 -> 70 | GX15: =GW15/2 -> 35 | GY15: =IF(GX15>=75,"A",IF(GX15>=60,"B",IF(GX15>=50,"C",IF(GX15>=40,"D",IF(GX15>=35,"E","F"))))) -> E | GZ15: =VLOOKUP(RANK(GX15,$GX$10:$GX$109),Sheet1!$A$381:$B$480,2,FALSE) -> 86th | HA15: 31 | HB15: 13 | HC15: =SUM(HA15:HB15) -> 44 | HD15: =REPT(CA15,1) -> 37 | HE15: =HC15+HD15 -> 81 | HF15: =HE15/2 -> 40.5 | HG15: =IF(HF15>=75,"A",IF(HF15>=60,"B",IF(HF15>=50,"C",IF(HF15>=40,"D",IF(HF15>=35,"E","F"))))) -> D | HH15: =VLOOKUP(RANK(HF15,$HF$10:$HF$109),Sheet1!$A$381:$B$480,2,FALSE) -> 57th | HI15: 29 | HJ15: 46 | HK15: =SUM(HI15:HJ15) -> 75 | HL15: =REPT(CG15,1) -> 58 | HM15: =HK15+HL15 -> 133 | HN15: =HM15/2 -> 66.5 | HO15: =IF(HN15>=75,"A",IF(HN15>=60,"B",IF(HN15>=50,"C",IF(HN15>=40,"D",IF(HN15>=35,"E","F"))))) -> B | HP15: =VLOOKUP(RANK(HN15,$HN$10:$HN$109),Sheet1!$A$381:$B$480,2,FALSE) -> 39th | HS15: =SUM(HQ15:HR15) -> 0 | HT15: =REPT(CM15,1) -> 0 | HU15: =HS15+HT15 -> 0 | HV15: =HU15/2 -> 0 | HW15: =IF(HV15>=75,"A",IF(HV15>=60,"B",IF(HV15>=50,"C",IF(HV15>=40,"D",IF(HV15>=35,"E","F"))))) -> F | HX15: =VLOOKUP(RANK(HV15,$HV$10:$HV$109),Sheet1!$A$381:$B$480,2,FALSE) -> 1st | IA15: =SUM(HY15:HZ15) -> 0 | IB15: =REPT(CS15,1) -> 0 | IC15: =IA15+IB15 -> 0 | ID15: =IC15/2 -> 0 | IE15: =IF(ID15>=75,"A",IF(ID15>=60,"B",IF(ID15>=50,"C",IF(ID15>=40,"D",IF(ID15>=35,"E","F"))))) -> F | IF15: =VLOOKUP(RANK(ID15,$ID$10:$ID$109),Sheet1!$A$381:$B$480,2,FALSE) -> 1st | II15: =SUM(IG15:IH15) -> 0 | IJ15: =REPT(CY15,1) -> 0 | IK15: =II15+IJ15 -> 0 | IL15: =IK15/2 -> 0 | IM15: =IF(IL15>=75,"A",IF(IL15>=60,"B",IF(IL15>=50,"C",IF(IL15>=40,"D",IF(IL15>=35,"E","F"))))) -> F | IN15: =VLOOKUP(RANK(IL15,$IL$10:$IL$109),Sheet1!$A$381:$B$480,2,FALSE) -> 1st | IO15: =ID15+HV15+HN15+HF15+GX15+GP15+GH15+FZ15+FR15+FJ15+FB15+ET15+EL15+ED15+DV15+DN15+IL15 -> 544.5 | IP15: =IO15/17 -> 32.029412 | IQ15: =VLOOKUP(RANK(IP15,$IP$10:$IP$109),Sheet1!$A$381:$B$480,2,FALSE) -> 68th | IZ15: =SUM(IX15:IY15) -> 0 | JA15: =REPT(G15,1) -> 82 | JB15: =REPT(DK15,1) -> 70 | JC15: =IZ15+JA15+JB15 -> 152 | JD15: =JC15/3 -> 50.666667 | JE15: =IF(JD15>=75,"A",IF(JD15>=60,"B",IF(JD15>=50,"C",IF(JD15>=40,"D",IF(JD15>=35,"E","F"))))) -> C | JF15: =VLOOKUP(RANK(JD15,$JD$10:$JD$109),Sheet1!$A$381:$B$480,2,FALSE) -> 14th | JI15: =SUM(JG15:JH15) -> 0 | JJ15: =REPT(M15,1) -> 47 | JK15: =REPT(DS15,1) -> 44 | JL15: =JI15+JJ15+JK15 -> 91 | JM15: =JL15/3 -> 30.333333 | JN15: =IF(JM15>=75,"A",IF(JM15>=60,"B",IF(JM15>=50,"C",IF(JM15>=40,"D",IF(JM15>=35,"E","F"))))) -> F | JO15: =VLOOKUP(RANK(JM15,$JM$10:$JM$109),Sheet1!$A$381:$B$480,2,FALSE) -> 68th | JR15: =SUM(JP15:JQ15) -> 0 | JS15: =REPT(S15,1) -> 36 | JT15: =REPT(EA15,1) -> 34 | JU15: =JR15+JS15+JT15 -> 70 | JV15: =JU15/3 -> 23.333333 | JW15: =IF(JV15>=75,"A",IF(JV15>=60,"B",IF(JV15>=50,"C",IF(JV15>=40,"D",IF(JV15>=35,"E","F"))))) -> F | JX15: =VLOOKUP(RANK(JV15,$JV$10:$JV$109),Sheet1!$A$381:$B$480,2,FALSE) -> 86th | KA15: =SUM(JY15:JZ15) -> 0 | KB15: =REPT(X15,1) -> 45 | KC15: =REPT(EI15,1) -> 52 | KD15: =KA15+KB15+KC15 -> 97 | KE15: =KD15/3 -> 32.333333 | KF15: =IF(KE15>=75,"A",IF(KE15>=60,"B",IF(KE15>=50,"C",IF(KE15>=40,"D",IF(KE15>=35,"E","F"))))) -> F | KG15: =VLOOKUP(RANK(KE15,$KE$10:$KE$109),Sheet1!$A$381:$B$480,2,FALSE) -> 67th | KJ15: =SUM(KH15:KI15) -> 0 | KK15: =REPT(AD15,1) -> 61 | KL15: =REPT(EQ15,1) -> 32 | KM15: =KJ15+KK15+KL15 -> 93 | KN15: =KM15/3 -> 31 | KO15: =IF(KN15>=75,"A",IF(KN15>=60,"B",IF(KN15>=50,"C",IF(KN15>=40,"D",IF(KN15>=35,"E","F"))))) -> F | KP15: =VLOOKUP(RANK(KN15,$KN$10:$KN$109),Sheet1!$A$381:$B$480,2,FALSE) -> 67th | KS15: =SUM(KQ15:KR15) -> 0 | KT15: =REPT(AK15,1) -> 0 | KU15: =REPT(EY15,1) -> 0 | KV15: =KS15+KT15+KU15 -> 0 | KW15: =KV15/3 -> 0 | KX15: =IF(KW15>=75,"A",IF(KW15>=60,"B",IF(KW15>=50,"C",IF(KW15>=40,"D",IF(KW15>=35,"E","F"))))) -> F | KY15: =VLOOKUP(RANK(KW15,$KW$10:$KW$109),Sheet1!$A$381:$B$480,2,FALSE) -> 1st | LB15: =SUM(KZ15:LA15) -> 0 | LC15: =REPT(AQ15,1) -> 0 | LD15: =REPT(FG15,1) -> 0 | LE15: =LB15+LC15+LD15 -> 0 | LF15: =LE15/3 -> 0 | LG15: =IF(LF15>=75,"A",IF(LF15>=60,"B",IF(LF15>=50,"C",IF(LF15>=40,"D",IF(LF15>=35,"E","F"))))) -> F | LH15: =VLOOKUP(RANK(LF15,$LF$10:$LF$109),Sheet1!$A$381:$B$480,2,FALSE) -> 1st | LK15: =SUM(LI15:LJ15) -> 0 | LL15: =REPT(AW15,1) -> 50 | LM15: =REPT(FO15,1) -> 50 | LN15: =LK15+LL15+LM15 -> 100 | LO15: =LN15/3 -> 33.333333 | LP15: =IF(LO15>=75,"A",IF(LO15>=60,"B",IF(LO15>=50,"C",IF(LO15>=40,"D",IF(LO15>=35,"E","F"))))) -> F | LQ15: =VLOOKUP(RANK(LO15,$LO$10:$LO$109),Sheet1!$A$381:$B$480,2,FALSE) -> 77th | LT15: =SUM(LR15:LS15) -> 0 | LU15: =REPT(BB15,1) -> 50 | LV15: =REPT(FW15,1) -> 42 | LW15: =LT15+LV15+LU15 -> 92 | LX15: =LW15/3 -> 30.666667 | LY15: =IF(LX15>=75,"A",IF(LX15>=60,"B",IF(LX15>=50,"C",IF(LX15>=40,"D",IF(LX15>=35,"E","F"))))) -> F | LZ15: =VLOOKUP(RANK(LX15,$LX$10:$LX$109),Sheet1!$A$381:$B$480,2,FALSE) -> 74th | MC15: =SUM(MA15:MB15) -> 0 | MD15: =REPT(BI15,1) -> 23 | ME15: =REPT(GE15,1) -> 36 | MF15: =MC15+MD15+ME15 -> 59 | MG15: =MF15/3 -> 19.666667 | MH15: =IF(MG15>=75,"A",IF(MG15>=60,"B",IF(MG15>=50,"C",IF(MG15>=40,"D",IF(MG15>=35,"E","F"))))) -> F | MI15: =VLOOKUP(RANK(MG15,$MG$10:$MG$109),Sheet1!$A$381:$B$480,2,FALSE) -> 82nd | ML15: =SUM(MJ15:MK15) -> 0 | MM15: =REPT(BO15,1) -> 54 | MN15: =REPT(GM15,1) -> 47 | MO15: =ML15+MM15+MN15 -> 101 | MP15: =MO15/3 -> 33.666667 | MQ15: =IF(MP15>=75,"A",IF(MP15>=60,"B",IF(MP15>=50,"C",IF(MP15>=40,"D",IF(MP15>=35,"E","F"))))) -> F | MR15: =VLOOKUP(RANK(MP15,$MP$10:$MP$109),Sheet1!$A$381:$B$480,2,FALSE) -> 19th | MU15: =SUM(MS15:MT15) -> 0 | MV15: =REPT(BU15,1) -> 36 | MW15: =REPT(GU15,1) -> 34 | MX15: =MU15+MV15+MW15 -> 70 | MY15: =MX15/3 -> 23.333333 | MZ15: =IF(MY15>=75,"A",IF(MY15>=60,"B",IF(MY15>=50,"C",IF(MY15>=40,"D",IF(MY15>=35,"E","F"))))) -> F | NA15: =VLOOKUP(RANK(MY15,$MY$10:$MY$109),Sheet1!$A$381:$B$480,2,FALSE) -> 86th | ND15: =SUM(NB15:NC15) -> 0 | NE15: =REPT(CA15,1) -> 37 | NF15: =REPT(HC15,1) -> 44 | NG15: =ND15+NF15+NE15 -> 81 | NH15: =NG15/3 -> 27 | NI15: =IF(NH15>=75,"A",IF(NH15>=60,"B",IF(NH15>=50,"C",IF(NH15>=40,"D",IF(NH15>=35,"E","F"))))) -> F | NJ15: =VLOOKUP(RANK(NH15,$NH$10:$NH$109),Sheet1!$A$381:$B$480,2,FALSE) -> 57th | NM15: =SUM(NK15:NL15) -> 0 | NN15: =REPT(CG15,1) -> 58 | NO15: =REPT(HK15,1) -> 75 | NP15: =NM15+NO15+NN15 -> 133 | NQ15: =NP15/3 -> 44.333333 | NR15: =IF(NQ15>=75,"A",IF(NQ15>=60,"B",IF(NQ15>=50,"C",IF(NQ15>=40,"D",IF(NQ15>=35,"E","F"))))) -> D | NS15: =VLOOKUP(RANK(NQ15,$NQ$10:$NQ$109),Sheet1!$A$381:$B$480,2,FALSE) -> 39th | NV15: =SUM(NT15:NU15) -> 0 | NW15: =REPT(CM15,1) -> 0 | NX15: =REPT(HS15,1) -> 0 | NY15: =NV15+NX15+NW15 -> 0 | NZ15: =NY15/3 -> 0 | OA15: =IF(NZ15>=75,"A",IF(NZ15>=60,"B",IF(NZ15>=50,"C",IF(NZ15>=40,"D",IF(NZ15>=35,"E","F"))))) -> F | OB15: =VLOOKUP(RANK(NZ15,$NZ$10:$NZ$109),Sheet1!$A$381:$B$480,2,FALSE) -> 1st | OE15: =SUM(OC15:OD15) -> 0 | OF15: =REPT(CS15,1) -> 0 | OG15: =REPT(IA15,1) -> 0 | OH15: =OE15+OG15+OF15 -> 0 | OI15: =OH15/2 -> 0 | OJ15: =IF(OI15>=75,"A",IF(OI15>=60,"B",IF(OI15>=50,"C",IF(OI15>=40,"D",IF(OI15>=35,"E","F"))))) -> F | OK15: =VLOOKUP(RANK(OI15,$OI$10:$OI$109),Sheet1!$A$381:$B$480,2,FALSE) -> 1st | ON15: =SUM(OL15:OM15) -> 0 | OO15: =REPT(CY15,1) -> 0 | OP15: =REPT(IL15,1) -> 0 | OQ15: =ON15+OP15+OO15 -> 0 | OR15: =OQ15/3 -> 0 | OS15: =IF(OR15>=75,"A",IF(OR15>=60,"B",IF(OR15>=50,"C",IF(OR15>=40,"D",IF(OR15>=35,"E","F"))))) -> F | OT15: =VLOOKUP(RANK(OR15,$OI$10:$OI$109),Sheet1!$A$381:$B$480,2,FALSE) -> 1st | OU15: =(OI15+NZ15+NQ15+NH15+MY15+MP15+MG15+LX15+LO15+LF15+KW15+KN15+KE15+JV15+JM15+JD15+OR15) -> 379.66667 | OV15: =(OI15+NZ15+NQ15+NH15+MY15+MP15+MG15+LX15+LO15+LF15+KW15+KN15+KE15+JV15+JM15+JD15)/17 -> 22.333333 | OW15: =VLOOKUP(RANK(OV15,$OV$10:$OV$109),Sheet1!$A$381:$B$480,2,FALSE) -> 67th
A16: 7 | B16: ADELEKAN CALEB S. | C16: MALE | D16: 25 | E16: 37 | F16: =SUM(D16:E16) -> 62 | G16: =SUM(D16:E16) -> 62 | H16: =IF(G16>=75,"A",IF(G16>=60,"B",IF(G16>=50,"C",IF(G16>=40,"D",IF(G16>=35,"E","F"))))) -> B | I16: =VLOOKUP(RANK(G16,$G$10:$G$109),Sheet1!$A$381:$B$480,2,FALSE) -> 76th | J16: 23 | K16: 17 | L16: =SUM(J16:K16) -> 40 | M16: =SUM(J16:K16) -> 40 | N16: =IF(M16>=75,"A",IF(M16>=60,"B",IF(M16>=50,"C",IF(M16>=40,"D",IF(M16>=35,"E","F"))))) -> D | O16: =VLOOKUP(RANK(M16,$M$10:$M$109),Sheet1!$A$381:$B$480,2,FALSE) -> 88th | P16: 30 | Q16: 20 | R16: =SUM(P16:Q16) -> 50 | S16: =SUM(P16:Q16) -> 50 | T16: =IF(S16>=75,"A",IF(S16>=60,"B",IF(S16>=50,"C",IF(S16>=40,"D",IF(S16>=35,"E","F"))))) -> C | U16: =VLOOKUP(RANK(S16,$S$10:$S$109),Sheet1!$A$381:$B$480,2,FALSE) -> 29th | V16: 30 | W16: 15 | X16: =SUM(V16:W16) -> 45 | Y16: =SUM(V16:W16) -> 45 | Z16: =IF(Y16>=75,"A",IF(Y16>=60,"B",IF(Y16>=50,"C",IF(Y16>=40,"D",IF(Y16>=35,"E","F"))))) -> D | AA16: =VLOOKUP(RANK(Y16,$Y$10:$Y$109),Sheet1!$A$381:$B$480,2,FALSE) -> 78th | AB16: 32 | AC16: 35 | AD16: =SUM(AB16:AC16) -> 67 | AE16: =SUM(AB16:AC16) -> 67 | AF16: =IF(AE16>=75,"A",IF(AE16>=60,"B",IF(AE16>=50,"C",IF(AE16>=40,"D",IF(AE16>=35,"E","F"))))) -> B | AG16: =VLOOKUP(RANK(AE16,$AE$10:$AE$109),Sheet1!$A$381:$B$480,2,FALSE) -> 37th | AJ16: =SUM(AH16:AI16) -> 0 | AK16: =SUM(AH16:AI16) -> 0 | AL16: =IF(AK16>=75,"A",IF(AK16>=60,"B",IF(AK16>=50,"C",IF(AK16>=40,"D",IF(AK16>=35,"E","F"))))) -> F | AM16: =VLOOKUP(RANK(AK16,$AK$10:$AK$109),Sheet1!$A$381:$B$480,2,FALSE) -> 1st | AP16: =SUM(AN16:AO16) -> 0 | AQ16: =SUM(AN16:AO16) -> 0 | AR16: =IF(AQ16>=75,"A",IF(AQ16>=60,"B",IF(AQ16>=50,"C",IF(AQ16>=40,"D",IF(AQ16>=35,"E","F"))))) -> F | AS16: =VLOOKUP(RANK(AQ16,$AQ$10:$AQ$109),Sheet1!$A$381:$B$480,2,FALSE) -> 1st | AT16: 25 | AU16: 25 | AV16: =SUM(AT16:AU16) -> 50 | AW16: =SUM(AT16:AU16) -> 50 | AX16: =IF(AW16>=75,"A",IF(AW16>=60,"B",IF(AW16>=50,"C",IF(AW16>=40,"D",IF(AW16>=35,"E","F"))))) -> C | AY16: =VLOOKUP(RANK(AW16,$AW$10:$AW$109),Sheet1!$A$381:$B$480,2,FALSE) -> 58th | AZ16: 30 | BA16: 10 | BB16: =SUM(AZ16:BA16) -> 40 | BC16: =SUM(AZ16:BA16) -> 40 | BD16: =IF(BC16>=75,"A",IF(BC16>=60,"B",IF(BC16>=50,"C",IF(BC16>=40,"D",IF(BC16>=35,"E","F"))))) -> D | BE16: =VLOOKUP(RANK(BC16,$BC$10:$BC$109),Sheet1!$A$381:$B$480,2,FALSE) -> 85th | BF16: 10 | BG16: 12 | BH16: =SUM(BF16:BG16) -> 22 | BI16: =SUM(BF16:BG16) -> 22 | BJ16: =IF(BI16>=75,"A",IF(BI16>=60,"B",IF(BI16>=50,"C",IF(BI16>=40,"D",IF(BI16>=35,"E","F"))))) -> F | BK16: =VLOOKUP(RANK(BI16,$BI$10:$BI$109),Sheet1!$A$381:$B$480,2,FALSE) -> 95th | BL16: 24 | BM16: 29 | BN16: =SUM(BL16:BM16) -> 53 | BO16: =SUM(BL16:BM16) -> 53 | BP16: =IF(BO16>=75,"A",IF(BO16>=60,"B",IF(BO16>=50,"C",IF(BO16>=40,"D",IF(BO16>=35,"E","F"))))) -> C | BQ16: =VLOOKUP(RANK(BO16,$BO$10:$BO$109),Sheet1!$A$381:$B$480,2,FALSE) -> 36th | BR16: 29 | BS16: 24 | BT16: =SUM(BR16:BS16) -> 53 | BU16: =SUM(BR16:BS16) -> 53 | BV16: =IF(BU16>=75,"A",IF(BU16>=60,"B",IF(BU16>=50,"C",IF(BU16>=40,"D",IF(BU16>=35,"E","F"))))) -> C | BW16: =VLOOKUP(RANK(BU16,$BU$10:$BU$109),Sheet1!$A$381:$B$480,2,FALSE) -> 36th | BX16: 26 | BY16: 10 | BZ16: =SUM(BX16:BY16) -> 36 | CA16: =SUM(BX16:BY16) -> 36 | CB16: =IF(CA16>=75,"A",IF(CA16>=60,"B",IF(CA16>=50,"C",IF(CA16>=40,"D",IF(CA16>=35,"E","F"))))) -> E | CC16: =VLOOKUP(RANK(CA16,$CA$10:$CA$109),Sheet1!$A$381:$B$480,2,FALSE) -> 91st | CD16: 26 | CE16: 20 | CF16: =SUM(CD16:CE16) -> 46 | CG16: =SUM(CD16:CE16) -> 46 | CH16: =IF(CG16>=75,"A",IF(CG16>=60,"B",IF(CG16>=50,"C",IF(CG16>=40,"D",IF(CG16>=35,"E","F"))))) -> D | CI16: =VLOOKUP(RANK(CG16,$CG$10:$CG$109),Sheet1!$A$381:$B$480,2,FALSE) -> 81st | CL16: =SUM(CJ16:CK16) -> 0 | CM16: =SUM(CJ16:CK16) -> 0 | CN16: =IF(CM16>=75,"A",IF(CM16>=60,"B",IF(CM16>=50,"C",IF(CM16>=40,"D",IF(CM16>=35,"E","F"))))) -> F | CO16: =VLOOKUP(RANK(CM16,$CM$10:$CM$109),Sheet1!$A$381:$B$480,2,FALSE) -> 1st | CR16: =SUM(CP16:CQ16) -> 0 | CS16: =SUM(CP16:CQ16) -> 0 | CT16: =IF(CS16>=75,"A",IF(CS16>=60,"B",IF(CS16>=50,"C",IF(CS16>=40,"D",IF(CS16>=35,"E","F"))))) -> F | CU16: =VLOOKUP(RANK(CS16,$CS$10:$CS$109),Sheet1!$A$381:$B$480,2,FALSE) -> 1st | CX16: =SUM(CV16:CW16) -> 0 | CY16: =SUM(CV16:CW16) -> 0 | CZ16: =IF(CY16>=75,"A",IF(CY16>=60,"B",IF(CY16>=50,"C",IF(CY16>=40,"D",IF(CY16>=35,"E","F"))))) -> F | DA16: =VLOOKUP(RANK(CY16,$CY$10:$CY$109),Sheet1!$A$381:$B$480,2,FALSE) -> 1st | DC16: =CR16+CL16+CF16+BZ16+BT16+BH16+BB16+AV16+AP16+AJ16+AD16+X16+L16+F16+BN16+R16+CX16 -> 564 | DD16: =DC16/17 -> 33.176471 | DE16: =VLOOKUP(RANK(DD16,$DD$10:$DD$109),Sheet1!$A$381:$B$480,2,FALSE) -> 68th | DG16: =SUM(DC16:DD16) -> 597.17647 | DI16: 22 | DJ16: 28 | DK16: =SUM(DI16:DJ16) -> 50 | DL16: =REPT(G16,1) -> 62 | DM16: =DK16+DL16 -> 112 | DN16: =DM16/2 -> 56 | DO16: =IF(DN16>=75,"A",IF(DN16>=60,"B",IF(DN16>=50,"C",IF(DN16>=40,"D",IF(DN16>=35,"E","F"))))) -> C | DP16: =VLOOKUP(RANK(DN16,$DN$10:$DN$109),Sheet1!$A$381:$B$480,2,FALSE) -> 82nd | DQ16: 26 | DR16: 13 | DS16: =SUM(DQ16:DR16) -> 39 | DT16: =REPT(M16,1) -> 40 | DU16: =DS16+DT16 -> 79 | DV16: =DU16/2 -> 39.5 | DW16: =IF(DV16>=75,"A",IF(DV16>=60,"B",IF(DV16>=50,"C",IF(DV16>=40,"D",IF(DV16>=35,"E","F"))))) -> E | DX16: =VLOOKUP(RANK(DV16,$DV$10:$DV$109),Sheet1!$A$381:$B$480,2,FALSE) -> 86th | DY16: 30 | DZ16: 14 | EA16: =SUM(DY16:DZ16) -> 44 | EB16: =REPT(S16,1) -> 50 | EC16: =EA16+EB16 -> 94 | ED16: =EC16/2 -> 47 | EE16: =IF(ED16>=75,"A",IF(ED16>=60,"B",IF(ED16>=50,"C",IF(ED16>=40,"D",IF(ED16>=35,"E","F"))))) -> D | EF16: =VLOOKUP(RANK(ED16,$ED$10:$ED$109),Sheet1!$A$381:$B$480,2,FALSE) -> 45th | EG16: 22 | EH16: 27 | EI16: =SUM(EG16:EH16) -> 49 | EJ16: =REPT(X16,1) -> 45 | EK16: =EI16+EJ16 -> 94 | EL16: =EK16/2 -> 47 | EM16: =IF(EL16>=75,"A",IF(EL16>=60,"B",IF(EL16>=50,"C",IF(EL16>=40,"D",IF(EL16>=35,"E","F"))))) -> D | EN16: =VLOOKUP(RANK(EL16,$EL$10:$EL$109),Sheet1!$A$381:$B$480,2,FALSE) -> 73rd | EO16: 29 | EP16: 16 | EQ16: =SUM(EO16:EP16) -> 45 | ER16: =REPT(AE16,1) -> 67 | ES16: =EQ16+ER16 -> 112 | ET16: =ES16/2 -> 56 | EU16: =IF(ET16>=75,"A",IF(ET16>=60,"B",IF(ET16>=50,"C",IF(ET16>=40,"D",IF(ET16>=35,"E","F"))))) -> C | EV16: =VLOOKUP(RANK(ET16,$ET$10:$ET$109),Sheet1!$A$381:$B$480,2,FALSE) -> 45th | EY16: =SUM(EW16:EX16) -> 0 | EZ16: =REPT(AK16,1) -> 0 | FA16: =EY16+EZ16 -> 0 | FB16: =FA16/2 -> 0 | FC16: =IF(FB16>=75,"A",IF(FB16>=60,"B",IF(FB16>=50,"C",IF(FB16>=40,"D",IF(FB16>=35,"E","F"))))) -> F | FD16: =VLOOKUP(RANK(FB16,$FB$10:$FB$109),Sheet1!$A$381:$B$480,2,FALSE) -> 1st | FG16: =SUM(FE16:FF16) -> 0 | FH16: =REPT(AQ16,1) -> 0 | FI16: =FG16+FH16 -> 0 | FJ16: =FI16/2 -> 0 | FK16: =IF(FJ16>=75,"A",IF(FJ16>=60,"B",IF(FJ16>=50,"C",IF(FJ16>=40,"D",IF(FJ16>=35,"E","F"))))) -> F | FL16: =VLOOKUP(RANK(FJ16,$FJ$10:$FJ$109),Sheet1!$A$381:$B$480,2,FALSE) -> 1st | FM16: 26 | FN16: 25 | FO16: =SUM(FM16:FN16) -> 51 | FP16: =REPT(AW16,1) -> 50 | FQ16: =FO16+FP16 -> 101 | FR16: =FQ16/2 -> 50.5 | FS16: =IF(FR16>=75,"A",IF(FR16>=60,"B",IF(FR16>=50,"C",IF(FR16>=40,"D",IF(FR16>=35,"E","F"))))) -> C | FT16: =VLOOKUP(RANK(FR16,$FR$10:$FR$109),Sheet1!$A$381:$B$480,2,FALSE) -> 65th | FU16: 36 | FV16: 17 | FW16: =SUM(FU16:FV16) -> 53 | FX16: =REPT(BB16,1) -> 40 | FY16: =SUM(FW16:FX16) -> 53 | FZ16: =FY16/2 -> 26.5 | GA16: =IF(FZ16>=75,"A",IF(FZ16>=60,"B",IF(FZ16>=50,"C",IF(FZ16>=40,"D",IF(FZ16>=35,"E","F"))))) -> F | GB16: =VLOOKUP(RANK(FZ16,$FZ$10:$FZ$109),Sheet1!$A$381:$B$480,2,FALSE) -> 43rd | GC16: 16 | GD16: 25 | GE16: =SUM(GC16:GD16) -> 41 | GF16: =REPT(BI16,1) -> 22 | GG16: =GE16+GF16 -> 63 | GH16: =GG16/2 -> 31.5 | GI16: =IF(GH16>=75,"A",IF(GH16>=60,"B",IF(GH16>=50,"C",IF(GH16>=40,"D",IF(GH16>=35,"E","F"))))) -> F | GJ16: =VLOOKUP(RANK(GH16,$GH$10:$GH$109),Sheet1!$A$381:$B$480,2,FALSE) -> 75th | GK16: 25 | GL16: 18 | GM16: =SUM(GK16:GL16) -> 43 | GN16: =REPT(BO16,1) -> 53 | GO16: =GM16+GN16 -> 96 | GP16: =GO16/2 -> 48 | GQ16: =IF(GP16>=75,"A",IF(GP16>=60,"B",IF(GP16>=50,"C",IF(GP16>=40,"D",IF(GP16>=35,"E","F"))))) -> D | GR16: =VLOOKUP(RANK(GP16,$GP$10:$GP$109),Sheet1!$A$381:$B$480,2,FALSE) -> 45th | GS16: 28 | GT16: 20 | GU16: =SUM(GS16:GT16) -> 48 | GV16: =REPT(BU16,1) -> 53 | GW16: =GU16+GV16 -> 101 | GX16: =GW16/2 -> 50.5 | GY16: =IF(GX16>=75,"A",IF(GX16>=60,"B",IF(GX16>=50,"C",IF(GX16>=40,"D",IF(GX16>=35,"E","F"))))) -> C | GZ16: =VLOOKUP(RANK(GX16,$GX$10:$GX$109),Sheet1!$A$381:$B$480,2,FALSE) -> 48th | HA16: 30 | HB16: 10 | HC16: =SUM(HA16:HB16) -> 40 | HD16: =REPT(CA16,1) -> 36 | HE16: =HC16+HD16 -> 76 | HF16: =HE16/2 -> 38 | HG16: =IF(HF16>=75,"A",IF(HF16>=60,"B",IF(HF16>=50,"C",IF(HF16>=40,"D",IF(HF16>=35,"E","F"))))) -> E | HH16: =VLOOKUP(RANK(HF16,$HF$10:$HF$109),Sheet1!$A$381:$B$480,2,FALSE) -> 80th | HI16: 27 | HJ16: 39 | HK16: =SUM(HI16:HJ16) -> 66 | HL16: =REPT(CG16,1) -> 46 | HM16: =HK16+HL16 -> 112 | HN16: =HM16/2 -> 56 | HO16: =IF(HN16>=75,"A",IF(HN16>=60,"B",IF(HN16>=50,"C",IF(HN16>=40,"D",IF(HN16>=35,"E","F"))))) -> C | HP16: =VLOOKUP(RANK(HN16,$HN$10:$HN$109),Sheet1!$A$381:$B$480,2,FALSE) -> 82nd | HS16: =SUM(HQ16:HR16) -> 0 | HT16: =REPT(CM16,1) -> 0 | HU16: =HS16+HT16 -> 0 | HV16: =HU16/2 -> 0 | HW16: =IF(HV16>=75,"A",IF(HV16>=60,"B",IF(HV16>=50,"C",IF(HV16>=40,"D",IF(HV16>=35,"E","F"))))) -> F | HX16: =VLOOKUP(RANK(HV16,$HV$10:$HV$109),Sheet1!$A$381:$B$480,2,FALSE) -> 1st | IA16: =SUM(HY16:HZ16) -> 0 | IB16: =REPT(CS16,1) -> 0 | IC16: =IA16+IB16 -> 0 | ID16: =IC16/2 -> 0 | IE16: =IF(ID16>=75,"A",IF(ID16>=60,"B",IF(ID16>=50,"C",IF(ID16>=40,"D",IF(ID16>=35,"E","F"))))) -> F | IF16: =VLOOKUP(RANK(ID16,$ID$10:$ID$109),Sheet1!$A$381:$B$480,2,FALSE) -> 1st | II16: =SUM(IG16:IH16) -> 0 | IJ16: =REPT(CY16,1) -> 0 | IK16: =II16+IJ16 -> 0 | IL16: =IK16/2 -> 0 | IM16: =IF(IL16>=75,"A",IF(IL16>=60,"B",IF(IL16>=50,"C",IF(IL16>=40,"D",IF(IL16>=35,"E","F"))))) -> F | IN16: =VLOOKUP(RANK(IL16,$IL$10:$IL$109),Sheet1!$A$381:$B$480,2,FALSE) -> 1st | IO16: =ID16+HV16+HN16+HF16+GX16+GP16+GH16+FZ16+FR16+FJ16+FB16+ET16+EL16+ED16+DV16+DN16+IL16 -> 546.5 | IP16: =IO16/17 -> 32.147059 | IQ16: =VLOOKUP(RANK(IP16,$IP$10:$IP$109),Sheet1!$A$381:$B$480,2,FALSE) -> 66th | IZ16: =SUM(IX16:IY16) -> 0 | JA16: =REPT(G16,1) -> 62 | JB16: =REPT(DK16,1) -> 50 | JC16: =IZ16+JA16+JB16 -> 112 | JD16: =JC16/3 -> 37.333333 | JE16: =IF(JD16>=75,"A",IF(JD16>=60,"B",IF(JD16>=50,"C",IF(JD16>=40,"D",IF(JD16>=35,"E","F"))))) -> E | JF16: =VLOOKUP(RANK(JD16,$JD$10:$JD$109),Sheet1!$A$381:$B$480,2,FALSE) -> 82nd | JI16: =SUM(JG16:JH16) -> 0 | JJ16: =REPT(M16,1) -> 40 | JK16: =REPT(DS16,1) -> 39 | JL16: =JI16+JJ16+JK16 -> 79 | JM16: =JL16/3 -> 26.333333 | JN16: =IF(JM16>=75,"A",IF(JM16>=60,"B",IF(JM16>=50,"C",IF(JM16>=40,"D",IF(JM16>=35,"E","F"))))) -> F | JO16: =VLOOKUP(RANK(JM16,$JM$10:$JM$109),Sheet1!$A$381:$B$480,2,FALSE) -> 86th | JR16: =SUM(JP16:JQ16) -> 0 | JS16: =REPT(S16,1) -> 50 | JT16: =REPT(EA16,1) -> 44 | JU16: =JR16+JS16+JT16 -> 94 | JV16: =JU16/3 -> 31.333333 | JW16: =IF(JV16>=75,"A",IF(JV16>=60,"B",IF(JV16>=50,"C",IF(JV16>=40,"D",IF(JV16>=35,"E","F"))))) -> F | JX16: =VLOOKUP(RANK(JV16,$JV$10:$JV$109),Sheet1!$A$381:$B$480,2,FALSE) -> 45th | KA16: =SUM(JY16:JZ16) -> 0 | KB16: =REPT(X16,1) -> 45 | KC16: =REPT(EI16,1) -> 49 | KD16: =KA16+KB16+KC16 -> 94 | KE16: =KD16/3 -> 31.333333 | KF16: =IF(KE16>=75,"A",IF(KE16>=60,"B",IF(KE16>=50,"C",IF(KE16>=40,"D",IF(KE16>=35,"E","F"))))) -> F | KG16: =VLOOKUP(RANK(KE16,$KE$10:$KE$109),Sheet1!$A$381:$B$480,2,FALSE) -> 73rd | KJ16: =SUM(KH16:KI16) -> 0 | KK16: =REPT(AD16,1) -> 67 | KL16: =REPT(EQ16,1) -> 45 | KM16: =KJ16+KK16+KL16 -> 112 | KN16: =KM16/3 -> 37.333333 | KO16: =IF(KN16>=75,"A",IF(KN16>=60,"B",IF(KN16>=50,"C",IF(KN16>=40,"D",IF(KN16>=35,"E","F"))))) -> E | KP16: =VLOOKUP(RANK(KN16,$KN$10:$KN$109),Sheet1!$A$381:$B$480,2,FALSE) -> 45th | KS16: =SUM(KQ16:KR16) -> 0 | KT16: =REPT(AK16,1) -> 0 | KU16: =REPT(EY16,1) -> 0 | KV16: =KS16+KT16+KU16 -> 0 | KW16: =KV16/3 -> 0 | KX16: =IF(KW16>=75,"A",IF(KW16>=60,"B",IF(KW16>=50,"C",IF(KW16>=40,"D",IF(KW16>=35,"E","F"))))) -> F | KY16: =VLOOKUP(RANK(KW16,$KW$10:$KW$109),Sheet1!$A$381:$B$480,2,FALSE) -> 1st | LB16: =SUM(KZ16:LA16) -> 0 | LC16: =REPT(AQ16,1) -> 0 | LD16: =REPT(FG16,1) -> 0 | LE16: =LB16+LC16+LD16 -> 0 | LF16: =LE16/3 -> 0 | LG16: =IF(LF16>=75,"A",IF(LF16>=60,"B",IF(LF16>=50,"C",IF(LF16>=40,"D",IF(LF16>=35,"E","F"))))) -> F | LH16: =VLOOKUP(RANK(LF16,$LF$10:$LF$109),Sheet1!$A$381:$B$480,2,FALSE) -> 1st | LK16: =SUM(LI16:LJ16) -> 0 | LL16: =REPT(AW16,1) -> 50 | LM16: =REPT(FO16,1) -> 51 | LN16: =LK16+LL16+LM16 -> 101 | LO16: =LN16/3 -> 33.666667 | LP16: =IF(LO16>=75,"A",IF(LO16>=60,"B",IF(LO16>=50,"C",IF(LO16>=40,"D",IF(LO16>=35,"E","F"))))) -> F | LQ16: =VLOOKUP(RANK(LO16,$LO$10:$LO$109),Sheet1!$A$381:$B$480,2,FALSE) -> 65th | LT16: =SUM(LR16:LS16) -> 0 | LU16: =REPT(BB16,1) -> 40 | LV16: =REPT(FW16,1) -> 53 | LW16: =LT16+LV16+LU16 -> 93 | LX16: =LW16/3 -> 31 | LY16: =IF(LX16>=75,"A",IF(LX16>=60,"B",IF(LX16>=50,"C",IF(LX16>=40,"D",IF(LX16>=35,"E","F"))))) -> F | LZ16: =VLOOKUP(RANK(LX16,$LX$10:$LX$109),Sheet1!$A$381:$B$480,2,FALSE) -> 73rd | MC16: =SUM(MA16:MB16) -> 0 | MD16: =REPT(BI16,1) -> 22 | ME16: =REPT(GE16,1) -> 41 | MF16: =MC16+MD16+ME16 -> 63 | MG16: =MF16/3 -> 21 | MH16: =IF(MG16>=75,"A",IF(MG16>=60,"B",IF(MG16>=50,"C",IF(MG16>=40,"D",IF(MG16>=35,"E","F"))))) -> F | MI16: =VLOOKUP(RANK(MG16,$MG$10:$MG$109),Sheet1!$A$381:$B$480,2,FALSE) -> 75th | ML16: =SUM(MJ16:MK16) -> 0 | MM16: =REPT(BO16,1) -> 53 | MN16: =REPT(GM16,1) -> 43 | MO16: =ML16+MM16+MN16 -> 96 | MP16: =MO16/3 -> 32 | MQ16: =IF(MP16>=75,"A",IF(MP16>=60,"B",IF(MP16>=50,"C",IF(MP16>=40,"D",IF(MP16>=35,"E","F"))))) -> F | MR16: =VLOOKUP(RANK(MP16,$MP$10:$MP$109),Sheet1!$A$381:$B$480,2,FALSE) -> 45th | MU16: =SUM(MS16:MT16) -> 0 | MV16: =REPT(BU16,1) -> 53 | MW16: =REPT(GU16,1) -> 48 | MX16: =MU16+MV16+MW16 -> 101 | MY16: =MX16/3 -> 33.666667 | MZ16: =IF(MY16>=75,"A",IF(MY16>=60,"B",IF(MY16>=50,"C",IF(MY16>=40,"D",IF(MY16>=35,"E","F"))))) -> F | NA16: =VLOOKUP(RANK(MY16,$MY$10:$MY$109),Sheet1!$A$381:$B$480,2,FALSE) -> 48th | ND16: =SUM(NB16:NC16) -> 0 | NE16: =REPT(CA16,1) -> 36 | NF16: =REPT(HC16,1) -> 40 | NG16: =ND16+NF16+NE16 -> 76 | NH16: =NG16/3 -> 25.333333 | NI16: =IF(NH16>=75,"A",IF(NH16>=60,"B",IF(NH16>=50,"C",IF(NH16>=40,"D",IF(NH16>=35,"E","F"))))) -> F | NJ16: =VLOOKUP(RANK(NH16,$NH$10:$NH$109),Sheet1!$A$381:$B$480,2,FALSE) -> 80th | NM16: =SUM(NK16:NL16) -> 0 | NN16: =REPT(CG16,1) -> 46 | NO16: =REPT(HK16,1) -> 66 | NP16: =NM16+NO16+NN16 -> 112 | NQ16: =NP16/3 -> 37.333333 | NR16: =IF(NQ16>=75,"A",IF(NQ16>=60,"B",IF(NQ16>=50,"C",IF(NQ16>=40,"D",IF(NQ16>=35,"E","F"))))) -> E | NS16: =VLOOKUP(RANK(NQ16,$NQ$10:$NQ$109),Sheet1!$A$381:$B$480,2,FALSE) -> 82nd | NV16: =SUM(NT16:NU16) -> 0 | NW16: =REPT(CM16,1) -> 0 | NX16: =REPT(HS16,1) -> 0 | NY16: =NV16+NX16+NW16 -> 0 | NZ16: =NY16/3 -> 0 | OA16: =IF(NZ16>=75,"A",IF(NZ16>=60,"B",IF(NZ16>=50,"C",IF(NZ16>=40,"D",IF(NZ16>=35,"E","F"))))) -> F | OB16: =VLOOKUP(RANK(NZ16,$NZ$10:$NZ$109),Sheet1!$A$381:$B$480,2,FALSE) -> 1st | OE16: =SUM(OC16:OD16) -> 0 | OF16: =REPT(CS16,1) -> 0 | OG16: =REPT(IA16,1) -> 0 | OH16: =OE16+OG16+OF16 -> 0 | OI16: =OH16/2 -> 0 | OJ16: =IF(OI16>=75,"A",IF(OI16>=60,"B",IF(OI16>=50,"C",IF(OI16>=40,"D",IF(OI16>=35,"E","F"))))) -> F | OK16: =VLOOKUP(RANK(OI16,$OI$10:$OI$109),Sheet1!$A$381:$B$480,2,FALSE) -> 1st | ON16: =SUM(OL16:OM16) -> 0 | OO16: =REPT(CY16,1) -> 0 | OP16: =REPT(IL16,1) -> 0 | OQ16: =ON16+OP16+OO16 -> 0 | OR16: =OQ16/3 -> 0 | OS16: =IF(OR16>=75,"A",IF(OR16>=60,"B",IF(OR16>=50,"C",IF(OR16>=40,"D",IF(OR16>=35,"E","F"))))) -> F | OT16: =VLOOKUP(RANK(OR16,$OI$10:$OI$109),Sheet1!$A$381:$B$480,2,FALSE) -> 1st | OU16: =(OI16+NZ16+NQ16+NH16+MY16+MP16+MG16+LX16+LO16+LF16+KW16+KN16+KE16+JV16+JM16+JD16+OR16) -> 377.66667 | OV16: =(OI16+NZ16+NQ16+NH16+MY16+MP16+MG16+LX16+LO16+LF16+KW16+KN16+KE16+JV16+JM16+JD16)/17 -> 22.215686 | OW16: =VLOOKUP(RANK(OV16,$OV$10:$OV$109),Sheet1!$A$381:$B$480,2,FALSE) -> 69th
A17: 8 | B17: ADENIYI SAHEED O | C17: MALE | D17: 0 | E17: 0 | F17: =SUM(D17:E17) -> 0 | G17: =SUM(D17:E17) -> 0 | H17: =IF(G17>=75,"A",IF(G17>=60,"B",IF(G17>=50,"C",IF(G17>=40,"D",IF(G17>=35,"E","F"))))) -> F | I17: =VLOOKUP(RANK(G17,$G$10:$G$109),Sheet1!$A$381:$B$480,2,FALSE) -> 97th | J17: 25 | K17: 28 | L17: =SUM(J17:K17) -> 53 | M17: =SUM(J17:K17) -> 53 | N17: =IF(M17>=75,"A",IF(M17>=60,"B",IF(M17>=50,"C",IF(M17>=40,"D",IF(M17>=35,"E","F"))))) -> C | O17: =VLOOKUP(RANK(M17,$M$10:$M$109),Sheet1!$A$381:$B$480,2,FALSE) -> 45th | P17: 25 | Q17: 15 | R17: =SUM(P17:Q17) -> 40 | S17: =SUM(P17:Q17) -> 40 | T17: =IF(S17>=75,"A",IF(S17>=60,"B",IF(S17>=50,"C",IF(S17>=40,"D",IF(S17>=35,"E","F"))))) -> D | U17: =VLOOKUP(RANK(S17,$S$10:$S$109),Sheet1!$A$381:$B$480,2,FALSE) -> 57th | V17: 28 | W17: 33 | X17: =SUM(V17:W17) -> 61 | Y17: =SUM(V17:W17) -> 61 | Z17: =IF(Y17>=75,"A",IF(Y17>=60,"B",IF(Y17>=50,"C",IF(Y17>=40,"D",IF(Y17>=35,"E","F"))))) -> B | AA17: =VLOOKUP(RANK(Y17,$Y$10:$Y$109),Sheet1!$A$381:$B$480,2,FALSE) -> 32nd | AB17: 30 | AC17: 29 | AD17: =SUM(AB17:AC17) -> 59 | AE17: =SUM(AB17:AC17) -> 59 | AF17: =IF(AE17>=75,"A",IF(AE17>=60,"B",IF(AE17>=50,"C",IF(AE17>=40,"D",IF(AE17>=35,"E","F"))))) -> C | AG17: =VLOOKUP(RANK(AE17,$AE$10:$AE$109),Sheet1!$A$381:$B$480,2,FALSE) -> 55th | AJ17: =SUM(AH17:AI17) -> 0 | AK17: =SUM(AH17:AI17) -> 0 | AL17: =IF(AK17>=75,"A",IF(AK17>=60,"B",IF(AK17>=50,"C",IF(AK17>=40,"D",IF(AK17>=35,"E","F"))))) -> F | AM17: =VLOOKUP(RANK(AK17,$AK$10:$AK$109),Sheet1!$A$381:$B$480,2,FALSE) -> 1st | AP17: =SUM(AN17:AO17) -> 0 | AQ17: =SUM(AN17:AO17) -> 0 | AR17: =IF(AQ17>=75,"A",IF(AQ17>=60,"B",IF(AQ17>=50,"C",IF(AQ17>=40,"D",IF(AQ17>=35,"E","F"))))) -> F | AS17: =VLOOKUP(RANK(AQ17,$AQ$10:$AQ$109),Sheet1!$A$381:$B$480,2,FALSE) -> 1st | AT17: 24 | AU17: 27 | AV17: =SUM(AT17:AU17) -> 51 | AW17: =SUM(AT17:AU17) -> 51 | AX17: =IF(AW17>=75,"A",IF(AW17>=60,"B",IF(AW17>=50,"C",IF(AW17>=40,"D",IF(AW17>=35,"E","F"))))) -> C | AY17: =VLOOKUP(RANK(AW17,$AW$10:$AW$109),Sheet1!$A$381:$B$480,2,FALSE) -> 45th | AZ17: 33 | BA17: 22 | BB17: =SUM(AZ17:BA17) -> 55 | BC17: =SUM(AZ17:BA17) -> 55 | BD17: =IF(BC17>=75,"A",IF(BC17>=60,"B",IF(BC17>=50,"C",IF(BC17>=40,"D",IF(BC17>=35,"E","F"))))) -> C | BE17: =VLOOKUP(RANK(BC17,$BC$10:$BC$109),Sheet1!$A$381:$B$480,2,FALSE) -> 43rd | BF17: 11 | BG17: 24 | BH17: =SUM(BF17:BG17) -> 35 | BI17: =SUM(BF17:BG17) -> 35 | BJ17: =IF(BI17>=75,"A",IF(BI17>=60,"B",IF(BI17>=50,"C",IF(BI17>=40,"D",IF(BI17>=35,"E","F"))))) -> E | BK17: =VLOOKUP(RANK(BI17,$BI$10:$BI$109),Sheet1!$A$381:$B$480,2,FALSE) -> 48th | BL17: 27 | BM17: 25 | BN17: =SUM(BL17:BM17) -> 52 | BO17: =SUM(BL17:BM17) -> 52 | BP17: =IF(BO17>=75,"A",IF(BO17>=60,"B",IF(BO17>=50,"C",IF(BO17>=40,"D",IF(BO17>=35,"E","F"))))) -> C | BQ17: =VLOOKUP(RANK(BO17,$BO$10:$BO$109),Sheet1!$A$381:$B$480,2,FALSE) -> 56th | BR17: 29 | BS17: 34 | BT17: =SUM(BR17:BS17) -> 63 | BU17: =SUM(BR17:BS17) -> 63 | BV17: =IF(BU17>=75,"A",IF(BU17>=60,"B",IF(BU17>=50,"C",IF(BU17>=40,"D",IF(BU17>=35,"E","F"))))) -> B | BW17: =VLOOKUP(RANK(BU17,$BU$10:$BU$109),Sheet1!$A$381:$B$480,2,FALSE) -> 23rd | BX17: 27 | BY17: 10 | BZ17: =SUM(BX17:BY17) -> 37 | CA17: =SUM(BX17:BY17) -> 37 | CB17: =IF(CA17>=75,"A",IF(CA17>=60,"B",IF(CA17>=50,"C",IF(CA17>=40,"D",IF(CA17>=35,"E","F"))))) -> E | CC17: =VLOOKUP(RANK(CA17,$CA$10:$CA$109),Sheet1!$A$381:$B$480,2,FALSE) -> 70th | CD17: 27 | CE17: 25 | CF17: =SUM(CD17:CE17) -> 52 | CG17: =SUM(CD17:CE17) -> 52 | CH17: =IF(CG17>=75,"A",IF(CG17>=60,"B",IF(CG17>=50,"C",IF(CG17>=40,"D",IF(CG17>=35,"E","F"))))) -> C | CI17: =VLOOKUP(RANK(CG17,$CG$10:$CG$109),Sheet1!$A$381:$B$480,2,FALSE) -> 68th | CL17: =SUM(CJ17:CK17) -> 0 | CM17: =SUM(CJ17:CK17) -> 0 | CN17: =IF(CM17>=75,"A",IF(CM17>=60,"B",IF(CM17>=50,"C",IF(CM17>=40,"D",IF(CM17>=35,"E","F"))))) -> F | CO17: =VLOOKUP(RANK(CM17,$CM$10:$CM$109),Sheet1!$A$381:$B$480,2,FALSE) -> 1st | CR17: =SUM(CP17:CQ17) -> 0 | CS17: =SUM(CP17:CQ17) -> 0 | CT17: =IF(CS17>=75,"A",IF(CS17>=60,"B",IF(CS17>=50,"C",IF(CS17>=40,"D",IF(CS17>=35,"E","F"))))) -> F | CU17: =VLOOKUP(RANK(CS17,$CS$10:$CS$109),Sheet1!$A$381:$B$480,2,FALSE) -> 1st | CX17: =SUM(CV17:CW17) -> 0 | CY17: =SUM(CV17:CW17) -> 0 | CZ17: =IF(CY17>=75,"A",IF(CY17>=60,"B",IF(CY17>=50,"C",IF(CY17>=40,"D",IF(CY17>=35,"E","F"))))) -> F | DA17: =VLOOKUP(RANK(CY17,$CY$10:$CY$109),Sheet1!$A$381:$B$480,2,FALSE) -> 1st | DC17: =CR17+CL17+CF17+BZ17+BT17+BH17+BB17+AV17+AP17+AJ17+AD17+X17+L17+F17+BN17+R17+CX17 -> 558 | DD17: =DC17/17 -> 32.823529 | DE17: =VLOOKUP(RANK(DD17,$DD$10:$DD$109),Sheet1!$A$381:$B$480,2,FALSE) -> 72nd | DG17: =SUM(DC17:DD17) -> 590.82353 | DI17: 17 | DJ17: 38 | DK17: =SUM(DI17:DJ17) -> 55 | DL17: =REPT(G17,1) -> 0 | DM17: =DK17+DL17 -> 55 | DN17: =DM17/2 -> 27.5 | DO17: =IF(DN17>=75,"A",IF(DN17>=60,"B",IF(DN17>=50,"C",IF(DN17>=40,"D",IF(DN17>=35,"E","F"))))) -> F | DP17: =VLOOKUP(RANK(DN17,$DN$10:$DN$109),Sheet1!$A$381:$B$480,2,FALSE) -> 100th | DQ17: 28 | DR17: 20 | DS17: =SUM(DQ17:DR17) -> 48 | DT17: =REPT(M17,1) -> 53 | DU17: =DS17+DT17 -> 101 | DV17: =DU17/2 -> 50.5 | DW17: =IF(DV17>=75,"A",IF(DV17>=60,"B",IF(DV17>=50,"C",IF(DV17>=40,"D",IF(DV17>=35,"E","F"))))) -> C | DX17: =VLOOKUP(RANK(DV17,$DV$10:$DV$109),Sheet1!$A$381:$B$480,2,FALSE) -> 41st | DY17: 24 | DZ17: 22 | EA17: =SUM(DY17:DZ17) -> 46 | EB17: =REPT(S17,1) -> 40 | EC17: =EA17+EB17 -> 86 | ED17: =EC17/2 -> 43 | EE17: =IF(ED17>=75,"A",IF(ED17>=60,"B",IF(ED17>=50,"C",IF(ED17>=40,"D",IF(ED17>=35,"E","F"))))) -> D | EF17: =VLOOKUP(RANK(ED17,$ED$10:$ED$109),Sheet1!$A$381:$B$480,2,FALSE) -> 58th | EG17: - | EH17: 32 | EI17: =SUM(EG17:EH17) -> 32 | EJ17: =REPT(X17,1) -> 61 | EK17: =EI17+EJ17 -> 93 | EL17: =EK17/2 -> 46.5 | EM17: =IF(EL17>=75,"A",IF(EL17>=60,"B",IF(EL17>=50,"C",IF(EL17>=40,"D",IF(EL17>=35,"E","F"))))) -> D | EN17: =VLOOKUP(RANK(EL17,$EL$10:$EL$109),Sheet1!$A$381:$B$480,2,FALSE) -> 75th | EO17: 26 | EP17: 26 | EQ17: =SUM(EO17:EP17) -> 52 | ER17: =REPT(AE17,1) -> 59 | ES17: =EQ17+ER17 -> 111 | ET17: =ES17/2 -> 55.5 | EU17: =IF(ET17>=75,"A",IF(ET17>=60,"B",IF(ET17>=50,"C",IF(ET17>=40,"D",IF(ET17>=35,"E","F"))))) -> C | EV17: =VLOOKUP(RANK(ET17,$ET$10:$ET$109),Sheet1!$A$381:$B$480,2,FALSE) -> 48th | EY17: =SUM(EW17:EX17) -> 0 | EZ17: =REPT(AK17,1) -> 0 | FA17: =EY17+EZ17 -> 0 | FB17: =FA17/2 -> 0 | FC17: =IF(FB17>=75,"A",IF(FB17>=60,"B",IF(FB17>=50,"C",IF(FB17>=40,"D",IF(FB17>=35,"E","F"))))) -> F | FD17: =VLOOKUP(RANK(FB17,$FB$10:$FB$109),Sheet1!$A$381:$B$480,2,FALSE) -> 1st | FG17: =SUM(FE17:FF17) -> 0 | FH17: =REPT(AQ17,1) -> 0 | FI17: =FG17+FH17 -> 0 | FJ17: =FI17/2 -> 0 | FK17: =IF(FJ17>=75,"A",IF(FJ17>=60,"B",IF(FJ17>=50,"C",IF(FJ17>=40,"D",IF(FJ17>=35,"E","F"))))) -> F | FL17: =VLOOKUP(RANK(FJ17,$FJ$10:$FJ$109),Sheet1!$A$381:$B$480,2,FALSE) -> 1st | FM17: 25 | FN17: 27 | FO17: =SUM(FM17:FN17) -> 52 | FP17: =REPT(AW17,1) -> 51 | FQ17: =FO17+FP17 -> 103 | FR17: =FQ17/2 -> 51.5 | FS17: =IF(FR17>=75,"A",IF(FR17>=60,"B",IF(FR17>=50,"C",IF(FR17>=40,"D",IF(FR17>=35,"E","F"))))) -> C | FT17: =VLOOKUP(RANK(FR17,$FR$10:$FR$109),Sheet1!$A$381:$B$480,2,FALSE) -> 50th | FU17: 27 | FV17: 15 | FW17: =SUM(FU17:FV17) -> 42 | FX17: =REPT(BB17,1) -> 55 | FY17: =SUM(FW17:FX17) -> 42 | FZ17: =FY17/2 -> 21 | GA17: =IF(FZ17>=75,"A",IF(FZ17>=60,"B",IF(FZ17>=50,"C",IF(FZ17>=40,"D",IF(FZ17>=35,"E","F"))))) -> F | GB17: =VLOOKUP(RANK(FZ17,$FZ$10:$FZ$109),Sheet1!$A$381:$B$480,2,FALSE) -> 70th | GC17: 19 | GD17: 26 | GE17: =SUM(GC17:GD17) -> 45 | GF17: =REPT(BI17,1) -> 35 | GG17: =GE17+GF17 -> 80 | GH17: =GG17/2 -> 40 | GI17: =IF(GH17>=75,"A",IF(GH17>=60,"B",IF(GH17>=50,"C",IF(GH17>=40,"D",IF(GH17>=35,"E","F"))))) -> D | GJ17: =VLOOKUP(RANK(GH17,$GH$10:$GH$109),Sheet1!$A$381:$B$480,2,FALSE) -> 44th | GK17: 27 | GL17: 17 | GM17: =SUM(GK17:GL17) -> 44 | GN17: =REPT(BO17,1) -> 52 | GO17: =GM17+GN17 -> 96 | GP17: =GO17/2 -> 48 | GQ17: =IF(GP17>=75,"A",IF(GP17>=60,"B",IF(GP17>=50,"C",IF(GP17>=40,"D",IF(GP17>=35,"E","F"))))) -> D | GR17: =VLOOKUP(RANK(GP17,$GP$10:$GP$109),Sheet1!$A$381:$B$480,2,FALSE) -> 45th | GS17: 27 | GT17: 47 | GU17: =SUM(GS17:GT17) -> 74 | GV17: =REPT(BU17,1) -> 63 | GW17: =GU17+GV17 -> 137 | GX17: =GW17/2 -> 68.5 | GY17: =IF(GX17>=75,"A",IF(GX17>=60,"B",IF(GX17>=50,"C",IF(GX17>=40,"D",IF(GX17>=35,"E","F"))))) -> B | GZ17: =VLOOKUP(RANK(GX17,$GX$10:$GX$109),Sheet1!$A$381:$B$480,2,FALSE) -> 12th | HA17: 28 | HB17: 10 | HC17: =SUM(HA17:HB17) -> 38 | HD17: =REPT(CA17,1) -> 37 | HE17: =HC17+HD17 -> 75 | HF17: =HE17/2 -> 37.5 | HG17: =IF(HF17>=75,"A",IF(HF17>=60,"B",IF(HF17>=50,"C",IF(HF17>=40,"D",IF(HF17>=35,"E","F"))))) -> E | HH17: =VLOOKUP(RANK(HF17,$HF$10:$HF$109),Sheet1!$A$381:$B$480,2,FALSE) -> 86th | HI17: 28 | HJ17: 42 | HK17: =SUM(HI17:HJ17) -> 70 | HL17: =REPT(CG17,1) -> 52 | HM17: =HK17+HL17 -> 122 | HN17: =HM17/2 -> 61 | HO17: =IF(HN17>=75,"A",IF(HN17>=60,"B",IF(HN17>=50,"C",IF(HN17>=40,"D",IF(HN17>=35,"E","F"))))) -> B | HP17: =VLOOKUP(RANK(HN17,$HN$10:$HN$109),Sheet1!$A$381:$B$480,2,FALSE) -> 64th | HS17: =SUM(HQ17:HR17) -> 0 | HT17: =REPT(CM17,1) -> 0 | HU17: =HS17+HT17 -> 0 | HV17: =HU17/2 -> 0 | HW17: =IF(HV17>=75,"A",IF(HV17>=60,"B",IF(HV17>=50,"C",IF(HV17>=40,"D",IF(HV17>=35,"E","F"))))) -> F | HX17: =VLOOKUP(RANK(HV17,$HV$10:$HV$109),Sheet1!$A$381:$B$480,2,FALSE) -> 1st | IA17: =SUM(HY17:HZ17) -> 0 | IB17: =REPT(CS17,1) -> 0 | IC17: =IA17+IB17 -> 0 | ID17: =IC17/2 -> 0 | IE17: =IF(ID17>=75,"A",IF(ID17>=60,"B",IF(ID17>=50,"C",IF(ID17>=40,"D",IF(ID17>=35,"E","F"))))) -> F | IF17: =VLOOKUP(RANK(ID17,$ID$10:$ID$109),Sheet1!$A$381:$B$480,2,FALSE) -> 1st | II17: =SUM(IG17:IH17) -> 0 | IJ17: =REPT(CY17,1) -> 0 | IK17: =II17+IJ17 -> 0 | IL17: =IK17/2 -> 0 | IM17: =IF(IL17>=75,"A",IF(IL17>=60,"B",IF(IL17>=50,"C",IF(IL17>=40,"D",IF(IL17>=35,"E","F"))))) -> F | IN17: =VLOOKUP(RANK(IL17,$IL$10:$IL$109),Sheet1!$A$381:$B$480,2,FALSE) -> 1st | IO17: =ID17+HV17+HN17+HF17+GX17+GP17+GH17+FZ17+FR17+FJ17+FB17+ET17+EL17+ED17+DV17+DN17+IL17 -> 550.5 | IP17: =IO17/17 -> 32.382353 | IQ17: =VLOOKUP(RANK(IP17,$IP$10:$IP$109),Sheet1!$A$381:$B$480,2,FALSE) -> 62nd | IZ17: =SUM(IX17:IY17) -> 0 | JA17: =REPT(G17,1) -> 0 | JB17: =REPT(DK17,1) -> 55 | JC17: =IZ17+JA17+JB17 -> 55 | JD17: =JC17/3 -> 18.333333 | JE17: =IF(JD17>=75,"A",IF(JD17>=60,"B",IF(JD17>=50,"C",IF(JD17>=40,"D",IF(JD17>=35,"E","F"))))) -> F | JF17: =VLOOKUP(RANK(JD17,$JD$10:$JD$109),Sheet1!$A$381:$B$480,2,FALSE) -> 100th | JI17: =SUM(JG17:JH17) -> 0 | JJ17: =REPT(M17,1) -> 53 | JK17: =REPT(DS17,1) -> 48 | JL17: =JI17+JJ17+JK17 -> 101 | JM17: =JL17/3 -> 33.666667 | JN17: =IF(JM17>=75,"A",IF(JM17>=60,"B",IF(JM17>=50,"C",IF(JM17>=40,"D",IF(JM17>=35,"E","F"))))) -> F | JO17: =VLOOKUP(RANK(JM17,$JM$10:$JM$109),Sheet1!$A$381:$B$480,2,FALSE) -> 41st | JR17: =SUM(JP17:JQ17) -> 0 | JS17: =REPT(S17,1) -> 40 | JT17: =REPT(EA17,1) -> 46 | JU17: =JR17+JS17+JT17 -> 86 | JV17: =JU17/3 -> 28.666667 | JW17: =IF(JV17>=75,"A",IF(JV17>=60,"B",IF(JV17>=50,"C",IF(JV17>=40,"D",IF(JV17>=35,"E","F"))))) -> F | JX17: =VLOOKUP(RANK(JV17,$JV$10:$JV$109),Sheet1!$A$381:$B$480,2,FALSE) -> 58th | KA17: =SUM(JY17:JZ17) -> 0 | KB17: =REPT(X17,1) -> 61 | KC17: =REPT(EI17,1) -> 32 | KD17: =KA17+KB17+KC17 -> 93 | KE17: =KD17/3 -> 31 | KF17: =IF(KE17>=75,"A",IF(KE17>=60,"B",IF(KE17>=50,"C",IF(KE17>=40,"D",IF(KE17>=35,"E","F"))))) -> F | KG17: =VLOOKUP(RANK(KE17,$KE$10:$KE$109),Sheet1!$A$381:$B$480,2,FALSE) -> 75th | KJ17: =SUM(KH17:KI17) -> 0 | KK17: =REPT(AD17,1) -> 59 | KL17: =REPT(EQ17,1) -> 52 | KM17: =KJ17+KK17+KL17 -> 111 | KN17: =KM17/3 -> 37 | KO17: =IF(KN17>=75,"A",IF(KN17>=60,"B",IF(KN17>=50,"C",IF(KN17>=40,"D",IF(KN17>=35,"E","F"))))) -> E | KP17: =VLOOKUP(RANK(KN17,$KN$10:$KN$109),Sheet1!$A$381:$B$480,2,FALSE) -> 48th | KS17: =SUM(KQ17:KR17) -> 0 | KT17: =REPT(AK17,1) -> 0 | KU17: =REPT(EY17,1) -> 0 | KV17: =KS17+KT17+KU17 -> 0 | KW17: =KV17/3 -> 0 | KX17: =IF(KW17>=75,"A",IF(KW17>=60,"B",IF(KW17>=50,"C",IF(KW17>=40,"D",IF(KW17>=35,"E","F"))))) -> F | KY17: =VLOOKUP(RANK(KW17,$KW$10:$KW$109),Sheet1!$A$381:$B$480,2,FALSE) -> 1st | LB17: =SUM(KZ17:LA17) -> 0 | LC17: =REPT(AQ17,1) -> 0 | LD17: =REPT(FG17,1) -> 0 | LE17: =LB17+LC17+LD17 -> 0 | LF17: =LE17/3 -> 0 | LG17: =IF(LF17>=75,"A",IF(LF17>=60,"B",IF(LF17>=50,"C",IF(LF17>=40,"D",IF(LF17>=35,"E","F"))))) -> F | LH17: =VLOOKUP(RANK(LF17,$LF$10:$LF$109),Sheet1!$A$381:$B$480,2,FALSE) -> 1st | LK17: =SUM(LI17:LJ17) -> 0 | LL17: =REPT(AW17,1) -> 51 | LM17: =REPT(FO17,1) -> 52 | LN17: =LK17+LL17+LM17 -> 103 | LO17: =LN17/3 -> 34.333333 | LP17: =IF(LO17>=75,"A",IF(LO17>=60,"B",IF(LO17>=50,"C",IF(LO17>=40,"D",IF(LO17>=35,"E","F"))))) -> F | LQ17: =VLOOKUP(RANK(LO17,$LO$10:$LO$109),Sheet1!$A$381:$B$480,2,FALSE) -> 50th | LT17: =SUM(LR17:LS17) -> 0 | LU17: =REPT(BB17,1) -> 55 | LV17: =REPT(FW17,1) -> 42 | LW17: =LT17+LV17+LU17 -> 97 | LX17: =LW17/3 -> 32.333333 | LY17: =IF(LX17>=75,"A",IF(LX17>=60,"B",IF(LX17>=50,"C",IF(LX17>=40,"D",IF(LX17>=35,"E","F"))))) -> F | LZ17: =VLOOKUP(RANK(LX17,$LX$10:$LX$109),Sheet1!$A$381:$B$480,2,FALSE) -> 64th | MC17: =SUM(MA17:MB17) -> 0 | MD17: =REPT(BI17,1) -> 35 | ME17: =REPT(GE17,1) -> 45 | MF17: =MC17+MD17+ME17 -> 80 | MG17: =MF17/3 -> 26.666667 | MH17: =IF(MG17>=75,"A",IF(MG17>=60,"B",IF(MG17>=50,"C",IF(MG17>=40,"D",IF(MG17>=35,"E","F"))))) -> F | MI17: =VLOOKUP(RANK(MG17,$MG$10:$MG$109),Sheet1!$A$381:$B$480,2,FALSE) -> 44th | ML17: =SUM(MJ17:MK17) -> 0 | MM17: =REPT(BO17,1) -> 52 | MN17: =REPT(GM17,1) -> 44 | MO17: =ML17+MM17+MN17 -> 96 | MP17: =MO17/3 -> 32 | MQ17: =IF(MP17>=75,"A",IF(MP17>=60,"B",IF(MP17>=50,"C",IF(MP17>=40,"D",IF(MP17>=35,"E","F"))))) -> F | MR17: =VLOOKUP(RANK(MP17,$MP$10:$MP$109),Sheet1!$A$381:$B$480,2,FALSE) -> 45th | MU17: =SUM(MS17:MT17) -> 0 | MV17: =REPT(BU17,1) -> 63 | MW17: =REPT(GU17,1) -> 74 | MX17: =MU17+MV17+MW17 -> 137 | MY17: =MX17/3 -> 45.666667 | MZ17: =IF(MY17>=75,"A",IF(MY17>=60,"B",IF(MY17>=50,"C",IF(MY17>=40,"D",IF(MY17>=35,"E","F"))))) -> D | NA17: =VLOOKUP(RANK(MY17,$MY$10:$MY$109),Sheet1!$A$381:$B$480,2,FALSE) -> 12th | ND17: =SUM(NB17:NC17) -> 0 | NE17: =REPT(CA17,1) -> 37 | NF17: =REPT(HC17,1) -> 38 | NG17: =ND17+NF17+NE17 -> 75 | NH17: =NG17/3 -> 25 | NI17: =IF(NH17>=75,"A",IF(NH17>=60,"B",IF(NH17>=50,"C",IF(NH17>=40,"D",IF(NH17>=35,"E","F"))))) -> F | NJ17: =VLOOKUP(RANK(NH17,$NH$10:$NH$109),Sheet1!$A$381:$B$480,2,FALSE) -> 86th | NM17: =SUM(NK17:NL17) -> 0 | NN17: =REPT(CG17,1) -> 52 | NO17: =REPT(HK17,1) -> 70 | NP17: =NM17+NO17+NN17 -> 122 | NQ17: =NP17/3 -> 40.666667 | NR17: =IF(NQ17>=75,"A",IF(NQ17>=60,"B",IF(NQ17>=50,"C",IF(NQ17>=40,"D",IF(NQ17>=35,"E","F"))))) -> D | NS17: =VLOOKUP(RANK(NQ17,$NQ$10:$NQ$109),Sheet1!$A$381:$B$480,2,FALSE) -> 64th | NV17: =SUM(NT17:NU17) -> 0 | NW17: =REPT(CM17,1) -> 0 | NX17: =REPT(HS17,1) -> 0 | NY17: =NV17+NX17+NW17 -> 0 | NZ17: =NY17/3 -> 0 | OA17: =IF(NZ17>=75,"A",IF(NZ17>=60,"B",IF(NZ17>=50,"C",IF(NZ17>=40,"D",IF(NZ17>=35,"E","F"))))) -> F | OB17: =VLOOKUP(RANK(NZ17,$NZ$10:$NZ$109),Sheet1!$A$381:$B$480,2,FALSE) -> 1st | OE17: =SUM(OC17:OD17) -> 0 | OF17: =REPT(CS17,1) -> 0 | OG17: =REPT(IA17,1) -> 0 | OH17: =OE17+OG17+OF17 -> 0 | OI17: =OH17/2 -> 0 | OJ17: =IF(OI17>=75,"A",IF(OI17>=60,"B",IF(OI17>=50,"C",IF(OI17>=40,"D",IF(OI17>=35,"E","F"))))) -> F | OK17: =VLOOKUP(RANK(OI17,$OI$10:$OI$109),Sheet1!$A$381:$B$480,2,FALSE) -> 1st | ON17: =SUM(OL17:OM17) -> 0 | OO17: =REPT(CY17,1) -> 0 | OP17: =REPT(IL17,1) -> 0 | OQ17: =ON17+OP17+OO17 -> 0 | OR17: =OQ17/3 -> 0 | OS17: =IF(OR17>=75,"A",IF(OR17>=60,"B",IF(OR17>=50,"C",IF(OR17>=40,"D",IF(OR17>=35,"E","F"))))) -> F | OT17: =VLOOKUP(RANK(OR17,$OI$10:$OI$109),Sheet1!$A$381:$B$480,2,FALSE) -> 1st | OU17: =(OI17+NZ17+NQ17+NH17+MY17+MP17+MG17+LX17+LO17+LF17+KW17+KN17+KE17+JV17+JM17+JD17+OR17) -> 385.33333 | OV17: =(OI17+NZ17+NQ17+NH17+MY17+MP17+MG17+LX17+LO17+LF17+KW17+KN17+KE17+JV17+JM17+JD17)/17 -> 22.666667 | OW17: =VLOOKUP(RANK(OV17,$OV$10:$OV$109),Sheet1!$A$381:$B$480,2,FALSE) -> 62nd
A18: 9 | B18: ADENOLA ABDULSOMOD O. | C18: MALE | D18: 31 | E18: 48 | F18: =SUM(D18:E18) -> 79 | G18: =SUM(D18:E18) -> 79 | H18: =IF(G18>=75,"A",IF(G18>=60,"B",IF(G18>=50,"C",IF(G18>=40,"D",IF(G18>=35,"E","F"))))) -> A | I18: =VLOOKUP(RANK(G18,$G$10:$G$109),Sheet1!$A$381:$B$480,2,FALSE) -> 11th | J18: 29 | K18: 22 | L18: =SUM(J18:K18) -> 51 | M18: =SUM(J18:K18) -> 51 | N18: =IF(M18>=75,"A",IF(M18>=60,"B",IF(M18>=50,"C",IF(M18>=40,"D",IF(M18>=35,"E","F"))))) -> C | O18: =VLOOKUP(RANK(M18,$M$10:$M$109),Sheet1!$A$381:$B$480,2,FALSE) -> 56th | P18: 28 | Q18: 18 | R18: =SUM(P18:Q18) -> 46 | S18: =SUM(P18:Q18) -> 46 | T18: =IF(S18>=75,"A",IF(S18>=60,"B",IF(S18>=50,"C",IF(S18>=40,"D",IF(S18>=35,"E","F"))))) -> D | U18: =VLOOKUP(RANK(S18,$S$10:$S$109),Sheet1!$A$381:$B$480,2,FALSE) -> 47th | V18: 25 | W18: 35 | X18: =SUM(V18:W18) -> 60 | Y18: =SUM(V18:W18) -> 60 | Z18: =IF(Y18>=75,"A",IF(Y18>=60,"B",IF(Y18>=50,"C",IF(Y18>=40,"D",IF(Y18>=35,"E","F"))))) -> B | AA18: =VLOOKUP(RANK(Y18,$Y$10:$Y$109),Sheet1!$A$381:$B$480,2,FALSE) -> 34th | AB18: 35 | AC18: 43 | AD18: =SUM(AB18:AC18) -> 78 | AE18: =SUM(AB18:AC18) -> 78 | AF18: =IF(AE18>=75,"A",IF(AE18>=60,"B",IF(AE18>=50,"C",IF(AE18>=40,"D",IF(AE18>=35,"E","F"))))) -> A | AG18: =VLOOKUP(RANK(AE18,$AE$10:$AE$109),Sheet1!$A$381:$B$480,2,FALSE) -> 18th | AJ18: =SUM(AH18:AI18) -> 0 | AK18: =SUM(AH18:AI18) -> 0 | AL18: =IF(AK18>=75,"A",IF(AK18>=60,"B",IF(AK18>=50,"C",IF(AK18>=40,"D",IF(AK18>=35,"E","F"))))) -> F | AM18: =VLOOKUP(RANK(AK18,$AK$10:$AK$109),Sheet1!$A$381:$B$480,2,FALSE) -> 1st | AP18: =SUM(AN18:AO18) -> 0 | AQ18: =SUM(AN18:AO18) -> 0 | AR18: =IF(AQ18>=75,"A",IF(AQ18>=60,"B",IF(AQ18>=50,"C",IF(AQ18>=40,"D",IF(AQ18>=35,"E","F"))))) -> F | AS18: =VLOOKUP(RANK(AQ18,$AQ$10:$AQ$109),Sheet1!$A$381:$B$480,2,FALSE) -> 1st | AT18: 22 | AU18: 28 | AV18: =SUM(AT18:AU18) -> 50 | AW18: =SUM(AT18:AU18) -> 50 | AX18: =IF(AW18>=75,"A",IF(AW18>=60,"B",IF(AW18>=50,"C",IF(AW18>=40,"D",IF(AW18>=35,"E","F"))))) -> C | AY18: =VLOOKUP(RANK(AW18,$AW$10:$AW$109),Sheet1!$A$381:$B$480,2,FALSE) -> 58th | AZ18: 32 | BA18: 19 | BB18: =SUM(AZ18:BA18) -> 51 | BC18: =SUM(AZ18:BA18) -> 51 | BD18: =IF(BC18>=75,"A",IF(BC18>=60,"B",IF(BC18>=50,"C",IF(BC18>=40,"D",IF(BC18>=35,"E","F"))))) -> C | BE18: =VLOOKUP(RANK(BC18,$BC$10:$BC$109),Sheet1!$A$381:$B$480,2,FALSE) -> 54th | BF18: 15 | BG18: 20 | BH18: =SUM(BF18:BG18) -> 35 | BI18: =SUM(BF18:BG18) -> 35 | BJ18: =IF(BI18>=75,"A",IF(BI18>=60,"B",IF(BI18>=50,"C",IF(BI18>=40,"D",IF(BI18>=35,"E","F"))))) -> E | BK18: =VLOOKUP(RANK(BI18,$BI$10:$BI$109),Sheet1!$A$381:$B$480,2,FALSE) -> 48th | BL18: 25 | BM18: 23 | BN18: =SUM(BL18:BM18) -> 48 | BO18: =SUM(BL18:BM18) -> 48 | BP18: =IF(BO18>=75,"A",IF(BO18>=60,"B",IF(BO18>=50,"C",IF(BO18>=40,"D",IF(BO18>=35,"E","F"))))) -> D | BQ18: =VLOOKUP(RANK(BO18,$BO$10:$BO$109),Sheet1!$A$381:$B$480,2,FALSE) -> 99th | BR18: 27 | BS18: 30 | BT18: =SUM(BR18:BS18) -> 57 | BU18: =SUM(BR18:BS18) -> 57 | BV18: =IF(BU18>=75,"A",IF(BU18>=60,"B",IF(BU18>=50,"C",IF(BU18>=40,"D",IF(BU18>=35,"E","F"))))) -> C | BW18: =VLOOKUP(RANK(BU18,$BU$10:$BU$109),Sheet1!$A$381:$B$480,2,FALSE) -> 31st | BX18: 28 | BY18: 11 | BZ18: =SUM(BX18:BY18) -> 39 | CA18: =SUM(BX18:BY18) -> 39 | CB18: =IF(CA18>=75,"A",IF(CA18>=60,"B",IF(CA18>=50,"C",IF(CA18>=40,"D",IF(CA18>=35,"E","F"))))) -> E | CC18: =VLOOKUP(RANK(CA18,$CA$10:$CA$109),Sheet1!$A$381:$B$480,2,FALSE) -> 53rd | CD18: 28 | CE18: 30 | CF18: =SUM(CD18:CE18) -> 58 | CG18: =SUM(CD18:CE18) -> 58 | CH18: =IF(CG18>=75,"A",IF(CG18>=60,"B",IF(CG18>=50,"C",IF(CG18>=40,"D",IF(CG18>=35,"E","F"))))) -> C | CI18: =VLOOKUP(RANK(CG18,$CG$10:$CG$109),Sheet1!$A$381:$B$480,2,FALSE) -> 35th | CL18: =SUM(CJ18:CK18) -> 0 | CM18: =SUM(CJ18:CK18) -> 0 | CN18: =IF(CM18>=75,"A",IF(CM18>=60,"B",IF(CM18>=50,"C",IF(CM18>=40,"D",IF(CM18>=35,"E","F"))))) -> F | CO18: =VLOOKUP(RANK(CM18,$CM$10:$CM$109),Sheet1!$A$381:$B$480,2,FALSE) -> 1st | CR18: =SUM(CP18:CQ18) -> 0 | CS18: =SUM(CP18:CQ18) -> 0 | CT18: =IF(CS18>=75,"A",IF(CS18>=60,"B",IF(CS18>=50,"C",IF(CS18>=40,"D",IF(CS18>=35,"E","F"))))) -> F | CU18: =VLOOKUP(RANK(CS18,$CS$10:$CS$109),Sheet1!$A$381:$B$480,2,FALSE) -> 1st | CX18: =SUM(CV18:CW18) -> 0 | CY18: =SUM(CV18:CW18) -> 0 | CZ18: =IF(CY18>=75,"A",IF(CY18>=60,"B",IF(CY18>=50,"C",IF(CY18>=40,"D",IF(CY18>=35,"E","F"))))) -> F | DA18: =VLOOKUP(RANK(CY18,$CY$10:$CY$109),Sheet1!$A$381:$B$480,2,FALSE) -> 1st | DC18: =CR18+CL18+CF18+BZ18+BT18+BH18+BB18+AV18+AP18+AJ18+AD18+X18+L18+F18+BN18+R18+CX18 -> 652 | DD18: =DC18/17 -> 38.352941 | DE18: =VLOOKUP(RANK(DD18,$DD$10:$DD$109),Sheet1!$A$381:$B$480,2,FALSE) -> 36th | DG18: =SUM(DC18:DD18) -> 690.35294 | DI18: 20 | DJ18: 53 | DK18: =SUM(DI18:DJ18) -> 73 | DL18: =REPT(G18,1) -> 79 | DM18: =DK18+DL18 -> 152 | DN18: =DM18/2 -> 76 | DO18: =IF(DN18>=75,"A",IF(DN18>=60,"B",IF(DN18>=50,"C",IF(DN18>=40,"D",IF(DN18>=35,"E","F"))))) -> A | DP18: =VLOOKUP(RANK(DN18,$DN$10:$DN$109),Sheet1!$A$381:$B$480,2,FALSE) -> 14th | DQ18: 21 | DR18: 13 | DS18: =SUM(DQ18:DR18) -> 34 | DT18: =REPT(M18,1) -> 51 | DU18: =DS18+DT18 -> 85 | DV18: =DU18/2 -> 42.5 | DW18: =IF(DV18>=75,"A",IF(DV18>=60,"B",IF(DV18>=50,"C",IF(DV18>=40,"D",IF(DV18>=35,"E","F"))))) -> D | DX18: =VLOOKUP(RANK(DV18,$DV$10:$DV$109),Sheet1!$A$381:$B$480,2,FALSE) -> 82nd | DY18: 33 | DZ18: 14 | EA18: =SUM(DY18:DZ18) -> 47 | EB18: =REPT(S18,1) -> 46 | EC18: =EA18+EB18 -> 93 | ED18: =EC18/2 -> 46.5 | EE18: =IF(ED18>=75,"A",IF(ED18>=60,"B",IF(ED18>=50,"C",IF(ED18>=40,"D",IF(ED18>=35,"E","F"))))) -> D | EF18: =VLOOKUP(RANK(ED18,$ED$10:$ED$109),Sheet1!$A$381:$B$480,2,FALSE) -> 48th | EG18: 23 | EH18: 43 | EI18: =SUM(EG18:EH18) -> 66 | EJ18: =REPT(X18,1) -> 60 | EK18: =EI18+EJ18 -> 126 | EL18: =EK18/2 -> 63 | EM18: =IF(EL18>=75,"A",IF(EL18>=60,"B",IF(EL18>=50,"C",IF(EL18>=40,"D",IF(EL18>=35,"E","F"))))) -> B | EN18: =VLOOKUP(RANK(EL18,$EL$10:$EL$109),Sheet1!$A$381:$B$480,2,FALSE) -> 30th | EO18: 28 | EP18: 32 | EQ18: =SUM(EO18:EP18) -> 60 | ER18: =REPT(AE18,1) -> 78 | ES18: =EQ18+ER18 -> 138 | ET18: =ES18/2 -> 69 | EU18: =IF(ET18>=75,"A",IF(ET18>=60,"B",IF(ET18>=50,"C",IF(ET18>=40,"D",IF(ET18>=35,"E","F"))))) -> B | EV18: =VLOOKUP(RANK(ET18,$ET$10:$ET$109),Sheet1!$A$381:$B$480,2,FALSE) -> 19th | EY18: =SUM(EW18:EX18) -> 0 | EZ18: =REPT(AK18,1) -> 0 | FA18: =EY18+EZ18 -> 0 | FB18: =FA18/2 -> 0 | FC18: =IF(FB18>=75,"A",IF(FB18>=60,"B",IF(FB18>=50,"C",IF(FB18>=40,"D",IF(FB18>=35,"E","F"))))) -> F | FD18: =VLOOKUP(RANK(FB18,$FB$10:$FB$109),Sheet1!$A$381:$B$480,2,FALSE) -> 1st | FG18: =SUM(FE18:FF18) -> 0 | FH18: =REPT(AQ18,1) -> 0 | FI18: =FG18+FH18 -> 0 | FJ18: =FI18/2 -> 0 | FK18: =IF(FJ18>=75,"A",IF(FJ18>=60,"B",IF(FJ18>=50,"C",IF(FJ18>=40,"D",IF(FJ18>=35,"E","F"))))) -> F | FL18: =VLOOKUP(RANK(FJ18,$FJ$10:$FJ$109),Sheet1!$A$381:$B$480,2,FALSE) -> 1st | FM18: 28 | FN18: 29 | FO18: =SUM(FM18:FN18) -> 57 | FP18: =REPT(AW18,1) -> 50 | FQ18: =FO18+FP18 -> 107 | FR18: =FQ18/2 -> 53.5 | FS18: =IF(FR18>=75,"A",IF(FR18>=60,"B",IF(FR18>=50,"C",IF(FR18>=40,"D",IF(FR18>=35,"E","F"))))) -> C | FT18: =VLOOKUP(RANK(FR18,$FR$10:$FR$109),Sheet1!$A$381:$B$480,2,FALSE) -> 33rd | FU18: 35 | FV18: 15 | FW18: =SUM(FU18:FV18) -> 50 | FX18: =REPT(BB18,1) -> 51 | FY18: =SUM(FW18:FX18) -> 50 | FZ18: =FY18/2 -> 25 | GA18: =IF(FZ18>=75,"A",IF(FZ18>=60,"B",IF(FZ18>=50,"C",IF(FZ18>=40,"D",IF(FZ18>=35,"E","F"))))) -> F | GB18: =VLOOKUP(RANK(FZ18,$FZ$10:$FZ$109),Sheet1!$A$381:$B$480,2,FALSE) -> 53rd | GC18: 25 | GD18: 25 | GE18: =SUM(GC18:GD18) -> 50 | GF18: =REPT(BI18,1) -> 35 | GG18: =GE18+GF18 -> 85 | GH18: =GG18/2 -> 42.5 | GI18: =IF(GH18>=75,"A",IF(GH18>=60,"B",IF(GH18>=50,"C",IF(GH18>=40,"D",IF(GH18>=35,"E","F"))))) -> D | GJ18: =VLOOKUP(RANK(GH18,$GH$10:$GH$109),Sheet1!$A$381:$B$480,2,FALSE) -> 36th | GK18: 26 | GL18: 21 | GM18: =SUM(GK18:GL18) -> 47 | GN18: =REPT(BO18,1) -> 48 | GO18: =GM18+GN18 -> 95 | GP18: =GO18/2 -> 47.5 | GQ18: =IF(GP18>=75,"A",IF(GP18>=60,"B",IF(GP18>=50,"C",IF(GP18>=40,"D",IF(GP18>=35,"E","F"))))) -> D | GR18: =VLOOKUP(RANK(GP18,$GP$10:$GP$109),Sheet1!$A$381:$B$480,2,FALSE) -> 61st | GS18: 25 | GT18: 37 | GU18: =SUM(GS18:GT18) -> 62 | GV18: =REPT(BU18,1) -> 57 | GW18: =GU18+GV18 -> 119 | GX18: =GW18/2 -> 59.5 | GY18: =IF(GX18>=75,"A",IF(GX18>=60,"B",IF(GX18>=50,"C",IF(GX18>=40,"D",IF(GX18>=35,"E","F"))))) -> C | GZ18: =VLOOKUP(RANK(GX18,$GX$10:$GX$109),Sheet1!$A$381:$B$480,2,FALSE) -> 24th | HA18: 29 | HB18: 11 | HC18: =SUM(HA18:HB18) -> 40 | HD18: =REPT(CA18,1) -> 39 | HE18: =HC18+HD18 -> 79 | HF18: =HE18/2 -> 39.5 | HG18: =IF(HF18>=75,"A",IF(HF18>=60,"B",IF(HF18>=50,"C",IF(HF18>=40,"D",IF(HF18>=35,"E","F"))))) -> E | HH18: =VLOOKUP(RANK(HF18,$HF$10:$HF$109),Sheet1!$A$381:$B$480,2,FALSE) -> 67th | HI18: 22 | HJ18: 37 | HK18: =SUM(HI18:HJ18) -> 59 | HL18: =REPT(CG18,1) -> 58 | HM18: =HK18+HL18 -> 117 | HN18: =HM18/2 -> 58.5 | HO18: =IF(HN18>=75,"A",IF(HN18>=60,"B",IF(HN18>=50,"C",IF(HN18>=40,"D",IF(HN18>=35,"E","F"))))) -> C | HP18: =VLOOKUP(RANK(HN18,$HN$10:$HN$109),Sheet1!$A$381:$B$480,2,FALSE) -> 77th | HS18: =SUM(HQ18:HR18) -> 0 | HT18: =REPT(CM18,1) -> 0 | HU18: =HS18+HT18 -> 0 | HV18: =HU18/2 -> 0 | HW18: =IF(HV18>=75,"A",IF(HV18>=60,"B",IF(HV18>=50,"C",IF(HV18>=40,"D",IF(HV18>=35,"E","F"))))) -> F | HX18: =VLOOKUP(RANK(HV18,$HV$10:$HV$109),Sheet1!$A$381:$B$480,2,FALSE) -> 1st | IA18: =SUM(HY18:HZ18) -> 0 | IB18: =REPT(CS18,1) -> 0 | IC18: =IA18+IB18 -> 0 | ID18: =IC18/2 -> 0 | IE18: =IF(ID18>=75,"A",IF(ID18>=60,"B",IF(ID18>=50,"C",IF(ID18>=40,"D",IF(ID18>=35,"E","F"))))) -> F | IF18: =VLOOKUP(RANK(ID18,$ID$10:$ID$109),Sheet1!$A$381:$B$480,2,FALSE) -> 1st | II18: =SUM(IG18:IH18) -> 0 | IJ18: =REPT(CY18,1) -> 0 | IK18: =II18+IJ18 -> 0 | IL18: =IK18/2 -> 0 | IM18: =IF(IL18>=75,"A",IF(IL18>=60,"B",IF(IL18>=50,"C",IF(IL18>=40,"D",IF(IL18>=35,"E","F"))))) -> F | IN18: =VLOOKUP(RANK(IL18,$IL$10:$IL$109),Sheet1!$A$381:$B$480,2,FALSE) -> 1st | IO18: =ID18+HV18+HN18+HF18+GX18+GP18+GH18+FZ18+FR18+FJ18+FB18+ET18+EL18+ED18+DV18+DN18+IL18 -> 623 | IP18: =IO18/17 -> 36.647059 | IQ18: =VLOOKUP(RANK(IP18,$IP$10:$IP$109),Sheet1!$A$381:$B$480,2,FALSE) -> 39th | IZ18: =SUM(IX18:IY18) -> 0 | JA18: =REPT(G18,1) -> 79 | JB18: =REPT(DK18,1) -> 73 | JC18: =IZ18+JA18+JB18 -> 152 | JD18: =JC18/3 -> 50.666667 | JE18: =IF(JD18>=75,"A",IF(JD18>=60,"B",IF(JD18>=50,"C",IF(JD18>=40,"D",IF(JD18>=35,"E","F"))))) -> C | JF18: =VLOOKUP(RANK(JD18,$JD$10:$JD$109),Sheet1!$A$381:$B$480,2,FALSE) -> 14th | JI18: =SUM(JG18:JH18) -> 0 | JJ18: =REPT(M18,1) -> 51 | JK18: =REPT(DS18,1) -> 34 | JL18: =JI18+JJ18+JK18 -> 85 | JM18: =JL18/3 -> 28.333333 | JN18: =IF(JM18>=75,"A",IF(JM18>=60,"B",IF(JM18>=50,"C",IF(JM18>=40,"D",IF(JM18>=35,"E","F"))))) -> F | JO18: =VLOOKUP(RANK(JM18,$JM$10:$JM$109),Sheet1!$A$381:$B$480,2,FALSE) -> 82nd | JR18: =SUM(JP18:JQ18) -> 0 | JS18: =REPT(S18,1) -> 46 | JT18: =REPT(EA18,1) -> 47 | JU18: =JR18+JS18+JT18 -> 93 | JV18: =JU18/3 -> 31 | JW18: =IF(JV18>=75,"A",IF(JV18>=60,"B",IF(JV18>=50,"C",IF(JV18>=40,"D",IF(JV18>=35,"E","F"))))) -> F | JX18: =VLOOKUP(RANK(JV18,$JV$10:$JV$109),Sheet1!$A$381:$B$480,2,FALSE) -> 48th | KA18: =SUM(JY18:JZ18) -> 0 | KB18: =REPT(X18,1) -> 60 | KC18: =REPT(EI18,1) -> 66 | KD18: =KA18+KB18+KC18 -> 126 | KE18: =KD18/3 -> 42 | KF18: =IF(KE18>=75,"A",IF(KE18>=60,"B",IF(KE18>=50,"C",IF(KE18>=40,"D",IF(KE18>=35,"E","F"))))) -> D | KG18: =VLOOKUP(RANK(KE18,$KE$10:$KE$109),Sheet1!$A$381:$B$480,2,FALSE) -> 30th | KJ18: =SUM(KH18:KI18) -> 0 | KK18: =REPT(AD18,1) -> 78 | KL18: =REPT(EQ18,1) -> 60 | KM18: =KJ18+KK18+KL18 -> 138 | KN18: =KM18/3 -> 46 | KO18: =IF(KN18>=75,"A",IF(KN18>=60,"B",IF(KN18>=50,"C",IF(KN18>=40,"D",IF(KN18>=35,"E","F"))))) -> D | KP18: =VLOOKUP(RANK(KN18,$KN$10:$KN$109),Sheet1!$A$381:$B$480,2,FALSE) -> 19th | KS18: =SUM(KQ18:KR18) -> 0 | KT18: =REPT(AK18,1) -> 0 | KU18: =REPT(EY18,1) -> 0 | KV18: =KS18+KT18+KU18 -> 0 | KW18: =KV18/3 -> 0 | KX18: =IF(KW18>=75,"A",IF(KW18>=60,"B",IF(KW18>=50,"C",IF(KW18>=40,"D",IF(KW18>=35,"E","F"))))) -> F | KY18: =VLOOKUP(RANK(KW18,$KW$10:$KW$109),Sheet1!$A$381:$B$480,2,FALSE) -> 1st | LB18: =SUM(KZ18:LA18) -> 0 | LC18: =REPT(AQ18,1) -> 0 | LD18: =REPT(FG18,1) -> 0 | LE18: =LB18+LC18+LD18 -> 0 | LF18: =LE18/3 -> 0 | LG18: =IF(LF18>=75,"A",IF(LF18>=60,"B",IF(LF18>=50,"C",IF(LF18>=40,"D",IF(LF18>=35,"E","F"))))) -> F | LH18: =VLOOKUP(RANK(LF18,$LF$10:$LF$109),Sheet1!$A$381:$B$480,2,FALSE) -> 1st | LK18: =SUM(LI18:LJ18) -> 0 | LL18: =REPT(AW18,1) -> 50 | LM18: =REPT(FO18,1) -> 57 | LN18: =LK18+LL18+LM18 -> 107 | LO18: =LN18/3 -> 35.666667 | LP18: =IF(LO18>=75,"A",IF(LO18>=60,"B",IF(LO18>=50,"C",IF(LO18>=40,"D",IF(LO18>=35,"E","F"))))) -> E | LQ18: =VLOOKUP(RANK(LO18,$LO$10:$LO$109),Sheet1!$A$381:$B$480,2,FALSE) -> 33rd | LT18: =SUM(LR18:LS18) -> 0 | LU18: =REPT(BB18,1) -> 51 | LV18: =REPT(FW18,1) -> 50 | LW18: =LT18+LV18+LU18 -> 101 | LX18: =LW18/3 -> 33.666667 | LY18: =IF(LX18>=75,"A",IF(LX18>=60,"B",IF(LX18>=50,"C",IF(LX18>=40,"D",IF(LX18>=35,"E","F"))))) -> F | LZ18: =VLOOKUP(RANK(LX18,$LX$10:$LX$109),Sheet1!$A$381:$B$480,2,FALSE) -> 53rd | MC18: =SUM(MA18:MB18) -> 0 | MD18: =REPT(BI18,1) -> 35 | ME18: =REPT(GE18,1) -> 50 | MF18: =MC18+MD18+ME18 -> 85 | MG18: =MF18/3 -> 28.333333 | MH18: =IF(MG18>=75,"A",IF(MG18>=60,"B",IF(MG18>=50,"C",IF(MG18>=40,"D",IF(MG18>=35,"E","F"))))) -> F | MI18: =VLOOKUP(RANK(MG18,$MG$10:$MG$109),Sheet1!$A$381:$B$480,2,FALSE) -> 36th | ML18: =SUM(MJ18:MK18) -> 0 | MM18: =REPT(BO18,1) -> 48 | MN18: =REPT(GM18,1) -> 47 | MO18: =ML18+MM18+MN18 -> 95 | MP18: =MO18/3 -> 31.666667 | MQ18: =IF(MP18>=75,"A",IF(MP18>=60,"B",IF(MP18>=50,"C",IF(MP18>=40,"D",IF(MP18>=35,"E","F"))))) -> F | MR18: =VLOOKUP(RANK(MP18,$MP$10:$MP$109),Sheet1!$A$381:$B$480,2,FALSE) -> 61st | MU18: =SUM(MS18:MT18) -> 0 | MV18: =REPT(BU18,1) -> 57 | MW18: =REPT(GU18,1) -> 62 | MX18: =MU18+MV18+MW18 -> 119 | MY18: =MX18/3 -> 39.666667 | MZ18: =IF(MY18>=75,"A",IF(MY18>=60,"B",IF(MY18>=50,"C",IF(MY18>=40,"D",IF(MY18>=35,"E","F"))))) -> E | NA18: =VLOOKUP(RANK(MY18,$MY$10:$MY$109),Sheet1!$A$381:$B$480,2,FALSE) -> 24th | ND18: =SUM(NB18:NC18) -> 0 | NE18: =REPT(CA18,1) -> 39 | NF18: =REPT(HC18,1) -> 40 | NG18: =ND18+NF18+NE18 -> 79 | NH18: =NG18/3 -> 26.333333 | NI18: =IF(NH18>=75,"A",IF(NH18>=60,"B",IF(NH18>=50,"C",IF(NH18>=40,"D",IF(NH18>=35,"E","F"))))) -> F | NJ18: =VLOOKUP(RANK(NH18,$NH$10:$NH$109),Sheet1!$A$381:$B$480,2,FALSE) -> 67th | NM18: =SUM(NK18:NL18) -> 0 | NN18: =REPT(CG18,1) -> 58 | NO18: =REPT(HK18,1) -> 59 | NP18: =NM18+NO18+NN18 -> 117 | NQ18: =NP18/3 -> 39 | NR18: =IF(NQ18>=75,"A",IF(NQ18>=60,"B",IF(NQ18>=50,"C",IF(NQ18>=40,"D",IF(NQ18>=35,"E","F"))))) -> E | NS18: =VLOOKUP(RANK(NQ18,$NQ$10:$NQ$109),Sheet1!$A$381:$B$480,2,FALSE) -> 77th | NV18: =SUM(NT18:NU18) -> 0 | NW18: =REPT(CM18,1) -> 0 | NX18: =REPT(HS18,1) -> 0 | NY18: =NV18+NX18+NW18 -> 0 | NZ18: =NY18/3 -> 0 | OA18: =IF(NZ18>=75,"A",IF(NZ18>=60,"B",IF(NZ18>=50,"C",IF(NZ18>=40,"D",IF(NZ18>=35,"E","F"))))) -> F | OB18: =VLOOKUP(RANK(NZ18,$NZ$10:$NZ$109),Sheet1!$A$381:$B$480,2,FALSE) -> 1st | OE18: =SUM(OC18:OD18) -> 0 | OF18: =REPT(CS18,1) -> 0 | OG18: =REPT(IA18,1) -> 0 | OH18: =OE18+OG18+OF18 -> 0 | OI18: =OH18/2 -> 0 | OJ18: =IF(OI18>=75,"A",IF(OI18>=60,"B",IF(OI18>=50,"C",IF(OI18>=40,"D",IF(OI18>=35,"E","F"))))) -> F | OK18: =VLOOKUP(RANK(OI18,$OI$10:$OI$109),Sheet1!$A$381:$B$480,2,FALSE) -> 1st | ON18: =SUM(OL18:OM18) -> 0 | OO18: =REPT(CY18,1) -> 0 | OP18: =REPT(IL18,1) -> 0 | OQ18: =ON18+OP18+OO18 -> 0 | OR18: =OQ18/3 -> 0 | OS18: =IF(OR18>=75,"A",IF(OR18>=60,"B",IF(OR18>=50,"C",IF(OR18>=40,"D",IF(OR18>=35,"E","F"))))) -> F | OT18: =VLOOKUP(RANK(OR18,$OI$10:$OI$109),Sheet1!$A$381:$B$480,2,FALSE) -> 1st | OU18: =(OI18+NZ18+NQ18+NH18+MY18+MP18+MG18+LX18+LO18+LF18+KW18+KN18+KE18+JV18+JM18+JD18+OR18) -> 432.33333 | OV18: =(OI18+NZ18+NQ18+NH18+MY18+MP18+MG18+LX18+LO18+LF18+KW18+KN18+KE18+JV18+JM18+JD18)/17 -> 25.431373 | OW18: =VLOOKUP(RANK(OV18,$OV$10:$OV$109),Sheet1!$A$381:$B$480,2,FALSE) -> 39th
A19: 10 | B19: ADEWALE IBRAHIN O. | C19: MALE | D19: 24 | E19: 46 | F19: =SUM(D19:E19) -> 70 | G19: =SUM(D19:E19) -> 70 | H19: =IF(G19>=75,"A",IF(G19>=60,"B",IF(G19>=50,"C",IF(G19>=40,"D",IF(G19>=35,"E","F"))))) -> B | I19: =VLOOKUP(RANK(G19,$G$10:$G$109),Sheet1!$A$381:$B$480,2,FALSE) -> 36th | J19: 28 | K19: 25 | L19: =SUM(J19:K19) -> 53 | M19: =SUM(J19:K19) -> 53 | N19: =IF(M19>=75,"A",IF(M19>=60,"B",IF(M19>=50,"C",IF(M19>=40,"D",IF(M19>=35,"E","F"))))) -> C | O19: =VLOOKUP(RANK(M19,$M$10:$M$109),Sheet1!$A$381:$B$480,2,FALSE) -> 45th | P19: 26 | Q19: 15 | R19: =SUM(P19:Q19) -> 41 | S19: =SUM(P19:Q19) -> 41 | T19: =IF(S19>=75,"A",IF(S19>=60,"B",IF(S19>=50,"C",IF(S19>=40,"D",IF(S19>=35,"E","F"))))) -> D | U19: =VLOOKUP(RANK(S19,$S$10:$S$109),Sheet1!$A$381:$B$480,2,FALSE) -> 54th | V19: 25 | W19: 5 | X19: =SUM(V19:W19) -> 30 | Y19: =SUM(V19:W19) -> 30 | Z19: =IF(Y19>=75,"A",IF(Y19>=60,"B",IF(Y19>=50,"C",IF(Y19>=40,"D",IF(Y19>=35,"E","F"))))) -> F | AA19: =VLOOKUP(RANK(Y19,$Y$10:$Y$109),Sheet1!$A$381:$B$480,2,FALSE) -> 95th | AB19: 28 | AC19: 10 | AD19: =SUM(AB19:AC19) -> 38 | AE19: =SUM(AB19:AC19) -> 38 | AF19: =IF(AE19>=75,"A",IF(AE19>=60,"B",IF(AE19>=50,"C",IF(AE19>=40,"D",IF(AE19>=35,"E","F"))))) -> E | AG19: =VLOOKUP(RANK(AE19,$AE$10:$AE$109),Sheet1!$A$381:$B$480,2,FALSE) -> 81st | AJ19: =SUM(AH19:AI19) -> 0 | AK19: =SUM(AH19:AI19) -> 0 | AL19: =IF(AK19>=75,"A",IF(AK19>=60,"B",IF(AK19>=50,"C",IF(AK19>=40,"D",IF(AK19>=35,"E","F"))))) -> F | AM19: =VLOOKUP(RANK(AK19,$AK$10:$AK$109),Sheet1!$A$381:$B$480,2,FALSE) -> 1st | AP19: =SUM(AN19:AO19) -> 0 | AQ19: =SUM(AN19:AO19) -> 0 | AR19: =IF(AQ19>=75,"A",IF(AQ19>=60,"B",IF(AQ19>=50,"C",IF(AQ19>=40,"D",IF(AQ19>=35,"E","F"))))) -> F | AS19: =VLOOKUP(RANK(AQ19,$AQ$10:$AQ$109),Sheet1!$A$381:$B$480,2,FALSE) -> 1st | AT19: 25 | AU19: 25 | AV19: =SUM(AT19:AU19) -> 50 | AW19: =SUM(AT19:AU19) -> 50 | AX19: =IF(AW19>=75,"A",IF(AW19>=60,"B",IF(AW19>=50,"C",IF(AW19>=40,"D",IF(AW19>=35,"E","F"))))) -> C | AY19: =VLOOKUP(RANK(AW19,$AW$10:$AW$109),Sheet1!$A$381:$B$480,2,FALSE) -> 58th | AZ19: 30 | BA19: 10 | BB19: =SUM(AZ19:BA19) -> 40 | BC19: =SUM(AZ19:BA19) -> 40 | BD19: =IF(BC19>=75,"A",IF(BC19>=60,"B",IF(BC19>=50,"C",IF(BC19>=40,"D",IF(BC19>=35,"E","F"))))) -> D | BE19: =VLOOKUP(RANK(BC19,$BC$10:$BC$109),Sheet1!$A$381:$B$480,2,FALSE) -> 85th | BF19: 12 | BG19: 12 | BH19: =SUM(BF19:BG19) -> 24 | BI19: =SUM(BF19:BG19) -> 24 | BJ19: =IF(BI19>=75,"A",IF(BI19>=60,"B",IF(BI19>=50,"C",IF(BI19>=40,"D",IF(BI19>=35,"E","F"))))) -> F | BK19: =VLOOKUP(RANK(BI19,$BI$10:$BI$109),Sheet1!$A$381:$B$480,2,FALSE) -> 83rd | BL19: 25 | BM19: 26 | BN19: =SUM(BL19:BM19) -> 51 | BO19: =SUM(BL19:BM19) -> 51 | BP19: =IF(BO19>=75,"A",IF(BO19>=60,"B",IF(BO19>=50,"C",IF(BO19>=40,"D",IF(BO19>=35,"E","F"))))) -> C | BQ19: =VLOOKUP(RANK(BO19,$BO$10:$BO$109),Sheet1!$A$381:$B$480,2,FALSE) -> 69th | BR19: 29 | BS19: 6 | BT19: =SUM(BR19:BS19) -> 35 | BU19: =SUM(BR19:BS19) -> 35 | BV19: =IF(BU19>=75,"A",IF(BU19>=60,"B",IF(BU19>=50,"C",IF(BU19>=40,"D",IF(BU19>=35,"E","F"))))) -> E | BW19: =VLOOKUP(RANK(BU19,$BU$10:$BU$109),Sheet1!$A$381:$B$480,2,FALSE) -> 81st | BX19: 27 | BY19: 12 | BZ19: =SUM(BX19:BY19) -> 39 | CA19: =SUM(BX19:BY19) -> 39 | CB19: =IF(CA19>=75,"A",IF(CA19>=60,"B",IF(CA19>=50,"C",IF(CA19>=40,"D",IF(CA19>=35,"E","F"))))) -> E | CC19: =VLOOKUP(RANK(CA19,$CA$10:$CA$109),Sheet1!$A$381:$B$480,2,FALSE) -> 53rd | CD19: 25 | CE19: 30 | CF19: =SUM(CD19:CE19) -> 55 | CG19: =SUM(CD19:CE19) -> 55 | CH19: =IF(CG19>=75,"A",IF(CG19>=60,"B",IF(CG19>=50,"C",IF(CG19>=40,"D",IF(CG19>=35,"E","F"))))) -> C | CI19: =VLOOKUP(RANK(CG19,$CG$10:$CG$109),Sheet1!$A$381:$B$480,2,FALSE) -> 46th | CL19: =SUM(CJ19:CK19) -> 0 | CM19: =SUM(CJ19:CK19) -> 0 | CN19: =IF(CM19>=75,"A",IF(CM19>=60,"B",IF(CM19>=50,"C",IF(CM19>=40,"D",IF(CM19>=35,"E","F"))))) -> F | CO19: =VLOOKUP(RANK(CM19,$CM$10:$CM$109),Sheet1!$A$381:$B$480,2,FALSE) -> 1st | CR19: =SUM(CP19:CQ19) -> 0 | CS19: =SUM(CP19:CQ19) -> 0 | CT19: =IF(CS19>=75,"A",IF(CS19>=60,"B",IF(CS19>=50,"C",IF(CS19>=40,"D",IF(CS19>=35,"E","F"))))) -> F | CU19: =VLOOKUP(RANK(CS19,$CS$10:$CS$109),Sheet1!$A$381:$B$480,2,FALSE) -> 1st | CX19: =SUM(CV19:CW19) -> 0 | CY19: =SUM(CV19:CW19) -> 0 | CZ19: =IF(CY19>=75,"A",IF(CY19>=60,"B",IF(CY19>=50,"C",IF(CY19>=40,"D",IF(CY19>=35,"E","F"))))) -> F | DA19: =VLOOKUP(RANK(CY19,$CY$10:$CY$109),Sheet1!$A$381:$B$480,2,FALSE) -> 1st | DC19: =CR19+CL19+CF19+BZ19+BT19+BH19+BB19+AV19+AP19+AJ19+AD19+X19+L19+F19+BN19+R19+CX19 -> 526 | DD19: =DC19/17 -> 30.941176 | DE19: =VLOOKUP(RANK(DD19,$DD$10:$DD$109),Sheet1!$A$381:$B$480,2,FALSE) -> 88th | DG19: =SUM(DC19:DD19) -> 556.94118 | DI19: 22 | DJ19: 47 | DK19: =SUM(DI19:DJ19) -> 69 | DL19: =REPT(G19,1) -> 70 | DM19: =DK19+DL19 -> 139 | DN19: =DM19/2 -> 69.5 | DO19: =IF(DN19>=75,"A",IF(DN19>=60,"B",IF(DN19>=50,"C",IF(DN19>=40,"D",IF(DN19>=35,"E","F"))))) -> B | DP19: =VLOOKUP(RANK(DN19,$DN$10:$DN$109),Sheet1!$A$381:$B$480,2,FALSE) -> 43rd | DQ19: 32 | DR19: 15 | DS19: =SUM(DQ19:DR19) -> 47 | DT19: =REPT(M19,1) -> 53 | DU19: =DS19+DT19 -> 100 | DV19: =DU19/2 -> 50 | DW19: =IF(DV19>=75,"A",IF(DV19>=60,"B",IF(DV19>=50,"C",IF(DV19>=40,"D",IF(DV19>=35,"E","F"))))) -> C | DX19: =VLOOKUP(RANK(DV19,$DV$10:$DV$109),Sheet1!$A$381:$B$480,2,FALSE) -> 44th | DY19: 31 | DZ19: 20 | EA19: =SUM(DY19:DZ19) -> 51 | EB19: =REPT(S19,1) -> 41 | EC19: =EA19+EB19 -> 92 | ED19: =EC19/2 -> 46 | EE19: =IF(ED19>=75,"A",IF(ED19>=60,"B",IF(ED19>=50,"C",IF(ED19>=40,"D",IF(ED19>=35,"E","F"))))) -> D | EF19: =VLOOKUP(RANK(ED19,$ED$10:$ED$109),Sheet1!$A$381:$B$480,2,FALSE) -> 49th | EG19: 23 | EH19: 31 | EI19: =SUM(EG19:EH19) -> 54 | EJ19: =REPT(X19,1) -> 30 | EK19: =EI19+EJ19 -> 84 | EL19: =EK19/2 -> 42 | EM19: =IF(EL19>=75,"A",IF(EL19>=60,"B",IF(EL19>=50,"C",IF(EL19>=40,"D",IF(EL19>=35,"E","F"))))) -> D | EN19: =VLOOKUP(RANK(EL19,$EL$10:$EL$109),Sheet1!$A$381:$B$480,2,FALSE) -> 81st | EO19: 23 | EP19: 16 | EQ19: =SUM(EO19:EP19) -> 39 | ER19: =REPT(AE19,1) -> 38 | ES19: =EQ19+ER19 -> 77 | ET19: =ES19/2 -> 38.5 | EU19: =IF(ET19>=75,"A",IF(ET19>=60,"B",IF(ET19>=50,"C",IF(ET19>=40,"D",IF(ET19>=35,"E","F"))))) -> E | EV19: =VLOOKUP(RANK(ET19,$ET$10:$ET$109),Sheet1!$A$381:$B$480,2,FALSE) -> 77th | EY19: =SUM(EW19:EX19) -> 0 | EZ19: =REPT(AK19,1) -> 0 | FA19: =EY19+EZ19 -> 0 | FB19: =FA19/2 -> 0 | FC19: =IF(FB19>=75,"A",IF(FB19>=60,"B",IF(FB19>=50,"C",IF(FB19>=40,"D",IF(FB19>=35,"E","F"))))) -> F | FD19: =VLOOKUP(RANK(FB19,$FB$10:$FB$109),Sheet1!$A$381:$B$480,2,FALSE) -> 1st | FG19: =SUM(FE19:FF19) -> 0 | FH19: =REPT(AQ19,1) -> 0 | FI19: =FG19+FH19 -> 0 | FJ19: =FI19/2 -> 0 | FK19: =IF(FJ19>=75,"A",IF(FJ19>=60,"B",IF(FJ19>=50,"C",IF(FJ19>=40,"D",IF(FJ19>=35,"E","F"))))) -> F | FL19: =VLOOKUP(RANK(FJ19,$FJ$10:$FJ$109),Sheet1!$A$381:$B$480,2,FALSE) -> 1st | FM19: 28 | FN19: 20 | FO19: =SUM(FM19:FN19) -> 48 | FP19: =REPT(AW19,1) -> 50 | FQ19: =FO19+FP19 -> 98 | FR19: =FQ19/2 -> 49 | FS19: =IF(FR19>=75,"A",IF(FR19>=60,"B",IF(FR19>=50,"C",IF(FR19>=40,"D",IF(FR19>=35,"E","F"))))) -> D | FT19: =VLOOKUP(RANK(FR19,$FR$10:$FR$109),Sheet1!$A$381:$B$480,2,FALSE) -> 95th | FU19: 18 | FV19: 18 | FW19: =SUM(FU19:FV19) -> 36 | FX19: =REPT(BB19,1) -> 40 | FY19: =SUM(FW19:FX19) -> 36 | FZ19: =FY19/2 -> 18 | GA19: =IF(FZ19>=75,"A",IF(FZ19>=60,"B",IF(FZ19>=50,"C",IF(FZ19>=40,"D",IF(FZ19>=35,"E","F"))))) -> F | GB19: =VLOOKUP(RANK(FZ19,$FZ$10:$FZ$109),Sheet1!$A$381:$B$480,2,FALSE) -> 82nd | GC19: 11 | GD19: 25 | GE19: =SUM(GC19:GD19) -> 36 | GF19: =REPT(BI19,1) -> 24 | GG19: =GE19+GF19 -> 60 | GH19: =GG19/2 -> 30 | GI19: =IF(GH19>=75,"A",IF(GH19>=60,"B",IF(GH19>=50,"C",IF(GH19>=40,"D",IF(GH19>=35,"E","F"))))) -> F | GJ19: =VLOOKUP(RANK(GH19,$GH$10:$GH$109),Sheet1!$A$381:$B$480,2,FALSE) -> 80th | GK19: 25 | GL19: 19 | GM19: =SUM(GK19:GL19) -> 44 | GN19: =REPT(BO19,1) -> 51 | GO19: =GM19+GN19 -> 95 | GP19: =GO19/2 -> 47.5 | GQ19: =IF(GP19>=75,"A",IF(GP19>=60,"B",IF(GP19>=50,"C",IF(GP19>=40,"D",IF(GP19>=35,"E","F"))))) -> D | GR19: =VLOOKUP(RANK(GP19,$GP$10:$GP$109),Sheet1!$A$381:$B$480,2,FALSE) -> 61st | GS19: 22 | GT19: 28 | GU19: =SUM(GS19:GT19) -> 50 | GV19: =REPT(BU19,1) -> 35 | GW19: =GU19+GV19 -> 85 | GX19: =GW19/2 -> 42.5 | GY19: =IF(GX19>=75,"A",IF(GX19>=60,"B",IF(GX19>=50,"C",IF(GX19>=40,"D",IF(GX19>=35,"E","F"))))) -> D | GZ19: =VLOOKUP(RANK(GX19,$GX$10:$GX$109),Sheet1!$A$381:$B$480,2,FALSE) -> 67th | HA19: 30 | HB19: 17 | HC19: =SUM(HA19:HB19) -> 47 | HD19: =REPT(CA19,1) -> 39 | HE19: =HC19+HD19 -> 86 | HF19: =HE19/2 -> 43 | HG19: =IF(HF19>=75,"A",IF(HF19>=60,"B",IF(HF19>=50,"C",IF(HF19>=40,"D",IF(HF19>=35,"E","F"))))) -> D | HH19: =VLOOKUP(RANK(HF19,$HF$10:$HF$109),Sheet1!$A$381:$B$480,2,FALSE) -> 36th | HI19: 25 | HJ19: 40 | HK19: =SUM(HI19:HJ19) -> 65 | HL19: =REPT(CG19,1) -> 55 | HM19: =HK19+HL19 -> 120 | HN19: =HM19/2 -> 60 | HO19: =IF(HN19>=75,"A",IF(HN19>=60,"B",IF(HN19>=50,"C",IF(HN19>=40,"D",IF(HN19>=35,"E","F"))))) -> B | HP19: =VLOOKUP(RANK(HN19,$HN$10:$HN$109),Sheet1!$A$381:$B$480,2,FALSE) -> 68th | HS19: =SUM(HQ19:HR19) -> 0 | HT19: =REPT(CM19,1) -> 0 | HU19: =HS19+HT19 -> 0 | HV19: =HU19/2 -> 0 | HW19: =IF(HV19>=75,"A",IF(HV19>=60,"B",IF(HV19>=50,"C",IF(HV19>=40,"D",IF(HV19>=35,"E","F"))))) -> F | HX19: =VLOOKUP(RANK(HV19,$HV$10:$HV$109),Sheet1!$A$381:$B$480,2,FALSE) -> 1st | IA19: =SUM(HY19:HZ19) -> 0 | IB19: =REPT(CS19,1) -> 0 | IC19: =IA19+IB19 -> 0 | ID19: =IC19/2 -> 0 | IE19: =IF(ID19>=75,"A",IF(ID19>=60,"B",IF(ID19>=50,"C",IF(ID19>=40,"D",IF(ID19>=35,"E","F"))))) -> F | IF19: =VLOOKUP(RANK(ID19,$ID$10:$ID$109),Sheet1!$A$381:$B$480,2,FALSE) -> 1st | II19: =SUM(IG19:IH19) -> 0 | IJ19: =REPT(CY19,1) -> 0 | IK19: =II19+IJ19 -> 0 | IL19: =IK19/2 -> 0 | IM19: =IF(IL19>=75,"A",IF(IL19>=60,"B",IF(IL19>=50,"C",IF(IL19>=40,"D",IF(IL19>=35,"E","F"))))) -> F | IN19: =VLOOKUP(RANK(IL19,$IL$10:$IL$109),Sheet1!$A$381:$B$480,2,FALSE) -> 1st | IO19: =ID19+HV19+HN19+HF19+GX19+GP19+GH19+FZ19+FR19+FJ19+FB19+ET19+EL19+ED19+DV19+DN19+IL19 -> 536 | IP19: =IO19/17 -> 31.529412 | IQ19: =VLOOKUP(RANK(IP19,$IP$10:$IP$109),Sheet1!$A$381:$B$480,2,FALSE) -> 70th | IZ19: =SUM(IX19:IY19) -> 0 | JA19: =REPT(G19,1) -> 70 | JB19: =REPT(DK19,1) -> 69 | JC19: =IZ19+JA19+JB19 -> 139 | JD19: =JC19/3 -> 46.333333 | JE19: =IF(JD19>=75,"A",IF(JD19>=60,"B",IF(JD19>=50,"C",IF(JD19>=40,"D",IF(JD19>=35,"E","F"))))) -> D | JF19: =VLOOKUP(RANK(JD19,$JD$10:$JD$109),Sheet1!$A$381:$B$480,2,FALSE) -> 43rd | JI19: =SUM(JG19:JH19) -> 0 | JJ19: =REPT(M19,1) -> 53 | JK19: =REPT(DS19,1) -> 47 | JL19: =JI19+JJ19+JK19 -> 100 | JM19: =JL19/3 -> 33.333333 | JN19: =IF(JM19>=75,"A",IF(JM19>=60,"B",IF(JM19>=50,"C",IF(JM19>=40,"D",IF(JM19>=35,"E","F"))))) -> F | JO19: =VLOOKUP(RANK(JM19,$JM$10:$JM$109),Sheet1!$A$381:$B$480,2,FALSE) -> 44th | JR19: =SUM(JP19:JQ19) -> 0 | JS19: =REPT(S19,1) -> 41 | JT19: =REPT(EA19,1) -> 51 | JU19: =JR19+JS19+JT19 -> 92 | JV19: =JU19/3 -> 30.666667 | JW19: =IF(JV19>=75,"A",IF(JV19>=60,"B",IF(JV19>=50,"C",IF(JV19>=40,"D",IF(JV19>=35,"E","F"))))) -> F | JX19: =VLOOKUP(RANK(JV19,$JV$10:$JV$109),Sheet1!$A$381:$B$480,2,FALSE) -> 49th | KA19: =SUM(JY19:JZ19) -> 0 | KB19: =REPT(X19,1) -> 30 | KC19: =REPT(EI19,1) -> 54 | KD19: =KA19+KB19+KC19 -> 84 | KE19: =KD19/3 -> 28 | KF19: =IF(KE19>=75,"A",IF(KE19>=60,"B",IF(KE19>=50,"C",IF(KE19>=40,"D",IF(KE19>=35,"E","F"))))) -> F | KG19: =VLOOKUP(RANK(KE19,$KE$10:$KE$109),Sheet1!$A$381:$B$480,2,FALSE) -> 81st | KJ19: =SUM(KH19:KI19) -> 0 | KK19: =REPT(AD19,1) -> 38 | KL19: =REPT(EQ19,1) -> 39 | KM19: =KJ19+KK19+KL19 -> 77 | KN19: =KM19/3 -> 25.666667 | KO19: =IF(KN19>=75,"A",IF(KN19>=60,"B",IF(KN19>=50,"C",IF(KN19>=40,"D",IF(KN19>=35,"E","F"))))) -> F | KP19: =VLOOKUP(RANK(KN19,$KN$10:$KN$109),Sheet1!$A$381:$B$480,2,FALSE) -> 77th | KS19: =SUM(KQ19:KR19) -> 0 | KT19: =REPT(AK19,1) -> 0 | KU19: =REPT(EY19,1) -> 0 | KV19: =KS19+KT19+KU19 -> 0 | KW19: =KV19/3 -> 0 | KX19: =IF(KW19>=75,"A",IF(KW19>=60,"B",IF(KW19>=50,"C",IF(KW19>=40,"D",IF(KW19>=35,"E","F"))))) -> F | KY19: =VLOOKUP(RANK(KW19,$KW$10:$KW$109),Sheet1!$A$381:$B$480,2,FALSE) -> 1st | LB19: =SUM(KZ19:LA19) -> 0 | LC19: =REPT(AQ19,1) -> 0 | LD19: =REPT(FG19,1) -> 0 | LE19: =LB19+LC19+LD19 -> 0 | LF19: =LE19/3 -> 0 | LG19: =IF(LF19>=75,"A",IF(LF19>=60,"B",IF(LF19>=50,"C",IF(LF19>=40,"D",IF(LF19>=35,"E","F"))))) -> F | LH19: =VLOOKUP(RANK(LF19,$LF$10:$LF$109),Sheet1!$A$381:$B$480,2,FALSE) -> 1st | LK19: =SUM(LI19:LJ19) -> 0 | LL19: =REPT(AW19,1) -> 50 | LM19: =REPT(FO19,1) -> 48 | LN19: =LK19+LL19+LM19 -> 98 | LO19: =LN19/3 -> 32.666667 | LP19: =IF(LO19>=75,"A",IF(LO19>=60,"B",IF(LO19>=50,"C",IF(LO19>=40,"D",IF(LO19>=35,"E","F"))))) -> F | LQ19: =VLOOKUP(RANK(LO19,$LO$10:$LO$109),Sheet1!$A$381:$B$480,2,FALSE) -> 95th | LT19: =SUM(LR19:LS19) -> 0 | LU19: =REPT(BB19,1) -> 40 | LV19: =REPT(FW19,1) -> 36 | LW19: =LT19+LV19+LU19 -> 76 | LX19: =LW19/3 -> 25.333333 | LY19: =IF(LX19>=75,"A",IF(LX19>=60,"B",IF(LX19>=50,"C",IF(LX19>=40,"D",IF(LX19>=35,"E","F"))))) -> F | LZ19: =VLOOKUP(RANK(LX19,$LX$10:$LX$109),Sheet1!$A$381:$B$480,2,FALSE) -> 89th | MC19: =SUM(MA19:MB19) -> 0 | MD19: =REPT(BI19,1) -> 24 | ME19: =REPT(GE19,1) -> 36 | MF19: =MC19+MD19+ME19 -> 60 | MG19: =MF19/3 -> 20 | MH19: =IF(MG19>=75,"A",IF(MG19>=60,"B",IF(MG19>=50,"C",IF(MG19>=40,"D",IF(MG19>=35,"E","F"))))) -> F | MI19: =VLOOKUP(RANK(MG19,$MG$10:$MG$109),Sheet1!$A$381:$B$480,2,FALSE) -> 80th | ML19: =SUM(MJ19:MK19) -> 0 | MM19: =REPT(BO19,1) -> 51 | MN19: =REPT(GM19,1) -> 44 | MO19: =ML19+MM19+MN19 -> 95 | MP19: =MO19/3 -> 31.666667 | MQ19: =IF(MP19>=75,"A",IF(MP19>=60,"B",IF(MP19>=50,"C",IF(MP19>=40,"D",IF(MP19>=35,"E","F"))))) -> F | MR19: =VLOOKUP(RANK(MP19,$MP$10:$MP$109),Sheet1!$A$381:$B$480,2,FALSE) -> 61st | MU19: =SUM(MS19:MT19) -> 0 | MV19: =REPT(BU19,1) -> 35 | MW19: =REPT(GU19,1) -> 50 | MX19: =MU19+MV19+MW19 -> 85 | MY19: =MX19/3 -> 28.333333 | MZ19: =IF(MY19>=75,"A",IF(MY19>=60,"B",IF(MY19>=50,"C",IF(MY19>=40,"D",IF(MY19>=35,"E","F"))))) -> F | NA19: =VLOOKUP(RANK(MY19,$MY$10:$MY$109),Sheet1!$A$381:$B$480,2,FALSE) -> 67th | ND19: =SUM(NB19:NC19) -> 0 | NE19: =REPT(CA19,1) -> 39 | NF19: =REPT(HC19,1) -> 47 | NG19: =ND19+NF19+NE19 -> 86 | NH19: =NG19/3 -> 28.666667 | NI19: =IF(NH19>=75,"A",IF(NH19>=60,"B",IF(NH19>=50,"C",IF(NH19>=40,"D",IF(NH19>=35,"E","F"))))) -> F | NJ19: =VLOOKUP(RANK(NH19,$NH$10:$NH$109),Sheet1!$A$381:$B$480,2,FALSE) -> 36th | NM19: =SUM(NK19:NL19) -> 0 | NN19: =REPT(CG19,1) -> 55 | NO19: =REPT(HK19,1) -> 65 | NP19: =NM19+NO19+NN19 -> 120 | NQ19: =NP19/3 -> 40 | NR19: =IF(NQ19>=75,"A",IF(NQ19>=60,"B",IF(NQ19>=50,"C",IF(NQ19>=40,"D",IF(NQ19>=35,"E","F"))))) -> D | NS19: =VLOOKUP(RANK(NQ19,$NQ$10:$NQ$109),Sheet1!$A$381:$B$480,2,FALSE) -> 68th | NV19: =SUM(NT19:NU19) -> 0 | NW19: =REPT(CM19,1) -> 0 | NX19: =REPT(HS19,1) -> 0 | NY19: =NV19+NX19+NW19 -> 0 | NZ19: =NY19/3 -> 0 | OA19: =IF(NZ19>=75,"A",IF(NZ19>=60,"B",IF(NZ19>=50,"C",IF(NZ19>=40,"D",IF(NZ19>=35,"E","F"))))) -> F | OB19: =VLOOKUP(RANK(NZ19,$NZ$10:$NZ$109),Sheet1!$A$381:$B$480,2,FALSE) -> 1st | OE19: =SUM(OC19:OD19) -> 0 | OF19: =REPT(CS19,1) -> 0 | OG19: =REPT(IA19,1) -> 0 | OH19: =OE19+OG19+OF19 -> 0 | OI19: =OH19/2 -> 0 | OJ19: =IF(OI19>=75,"A",IF(OI19>=60,"B",IF(OI19>=50,"C",IF(OI19>=40,"D",IF(OI19>=35,"E","F"))))) -> F | OK19: =VLOOKUP(RANK(OI19,$OI$10:$OI$109),Sheet1!$A$381:$B$480,2,FALSE) -> 1st | ON19: =SUM(OL19:OM19) -> 0 | OO19: =REPT(CY19,1) -> 0 | OP19: =REPT(IL19,1) -> 0 | OQ19: =ON19+OP19+OO19 -> 0 | OR19: =OQ19/3 -> 0 | OS19: =IF(OR19>=75,"A",IF(OR19>=60,"B",IF(OR19>=50,"C",IF(OR19>=40,"D",IF(OR19>=35,"E","F"))))) -> F | OT19: =VLOOKUP(RANK(OR19,$OI$10:$OI$109),Sheet1!$A$381:$B$480,2,FALSE) -> 1st | OU19: =(OI19+NZ19+NQ19+NH19+MY19+MP19+MG19+LX19+LO19+LF19+KW19+KN19+KE19+JV19+JM19+JD19+OR19) -> 370.66667 | OV19: =(OI19+NZ19+NQ19+NH19+MY19+MP19+MG19+LX19+LO19+LF19+KW19+KN19+KE19+JV19+JM19+JD19)/17 -> 21.803922 | OW19: =VLOOKUP(RANK(OV19,$OV$10:$OV$109),Sheet1!$A$381:$B$480,2,FALSE) -> 73rd
A20: 11 | B20: ADEWALE MICHEAL S. | C20: MALE | D20: 30 | E20: 33 | F20: =SUM(D20:E20) -> 63 | G20: =SUM(D20:E20) -> 63 | H20: =IF(G20>=75,"A",IF(G20>=60,"B",IF(G20>=50,"C",IF(G20>=40,"D",IF(G20>=35,"E","F"))))) -> B | I20: =VLOOKUP(RANK(G20,$G$10:$G$109),Sheet1!$A$381:$B$480,2,FALSE) -> 73rd | J20: 25 | K20: 10 | L20: =SUM(J20:K20) -> 35 | M20: =SUM(J20:K20) -> 35 | N20: =IF(M20>=75,"A",IF(M20>=60,"B",IF(M20>=50,"C",IF(M20>=40,"D",IF(M20>=35,"E","F"))))) -> E | O20: =VLOOKUP(RANK(M20,$M$10:$M$109),Sheet1!$A$381:$B$480,2,FALSE) -> 92nd | P20: 32 | Q20: 20 | R20: =SUM(P20:Q20) -> 52 | S20: =SUM(P20:Q20) -> 52 | T20: =IF(S20>=75,"A",IF(S20>=60,"B",IF(S20>=50,"C",IF(S20>=40,"D",IF(S20>=35,"E","F"))))) -> C | U20: =VLOOKUP(RANK(S20,$S$10:$S$109),Sheet1!$A$381:$B$480,2,FALSE) -> 25th | V20: 32 | W20: 13 | X20: =SUM(V20:W20) -> 45 | Y20: =SUM(V20:W20) -> 45 | Z20: =IF(Y20>=75,"A",IF(Y20>=60,"B",IF(Y20>=50,"C",IF(Y20>=40,"D",IF(Y20>=35,"E","F"))))) -> D | AA20: =VLOOKUP(RANK(Y20,$Y$10:$Y$109),Sheet1!$A$381:$B$480,2,FALSE) -> 78th | AB20: 29 | AC20: 27 | AD20: =SUM(AB20:AC20) -> 56 | AE20: =SUM(AB20:AC20) -> 56 | AF20: =IF(AE20>=75,"A",IF(AE20>=60,"B",IF(AE20>=50,"C",IF(AE20>=40,"D",IF(AE20>=35,"E","F"))))) -> C | AG20: =VLOOKUP(RANK(AE20,$AE$10:$AE$109),Sheet1!$A$381:$B$480,2,FALSE) -> 58th | AJ20: =SUM(AH20:AI20) -> 0 | AK20: =SUM(AH20:AI20) -> 0 | AL20: =IF(AK20>=75,"A",IF(AK20>=60,"B",IF(AK20>=50,"C",IF(AK20>=40,"D",IF(AK20>=35,"E","F"))))) -> F | AM20: =VLOOKUP(RANK(AK20,$AK$10:$AK$109),Sheet1!$A$381:$B$480,2,FALSE) -> 1st | AP20: =SUM(AN20:AO20) -> 0 | AQ20: =SUM(AN20:AO20) -> 0 | AR20: =IF(AQ20>=75,"A",IF(AQ20>=60,"B",IF(AQ20>=50,"C",IF(AQ20>=40,"D",IF(AQ20>=35,"E","F"))))) -> F | AS20: =VLOOKUP(RANK(AQ20,$AQ$10:$AQ$109),Sheet1!$A$381:$B$480,2,FALSE) -> 1st | AT20: 25 | AU20: 27 | AV20: =SUM(AT20:AU20) -> 52 | AW20: =SUM(AT20:AU20) -> 52 | AX20: =IF(AW20>=75,"A",IF(AW20>=60,"B",IF(AW20>=50,"C",IF(AW20>=40,"D",IF(AW20>=35,"E","F"))))) -> C | AY20: =VLOOKUP(RANK(AW20,$AW$10:$AW$109),Sheet1!$A$381:$B$480,2,FALSE) -> 34th | AZ20: 30 | BA20: 10 | BB20: =SUM(AZ20:BA20) -> 40 | BC20: =SUM(AZ20:BA20) -> 40 | BD20: =IF(BC20>=75,"A",IF(BC20>=60,"B",IF(BC20>=50,"C",IF(BC20>=40,"D",IF(BC20>=35,"E","F"))))) -> D | BE20: =VLOOKUP(RANK(BC20,$BC$10:$BC$109),Sheet1!$A$381:$B$480,2,FALSE) -> 85th | BF20: 11 | BG20: 15 | BH20: =SUM(BF20:BG20) -> 26 | BI20: =SUM(BF20:BG20) -> 26 | BJ20: =IF(BI20>=75,"A",IF(BI20>=60,"B",IF(BI20>=50,"C",IF(BI20>=40,"D",IF(BI20>=35,"E","F"))))) -> F | BK20: =VLOOKUP(RANK(BI20,$BI$10:$BI$109),Sheet1!$A$381:$B$480,2,FALSE) -> 76th | BL20: 24 | BM20: 23 | BN20: =SUM(BL20:BM20) -> 47 | BO20: =SUM(BL20:BM20) -> 47 | BP20: =IF(BO20>=75,"A",IF(BO20>=60,"B",IF(BO20>=50,"C",IF(BO20>=40,"D",IF(BO20>=35,"E","F"))))) -> D | BQ20: =VLOOKUP(RANK(BO20,$BO$10:$BO$109),Sheet1!$A$381:$B$480,2,FALSE) -> 100th | BR20: 28 | BS20: 14 | BT20: =SUM(BR20:BS20) -> 42 | BU20: =SUM(BR20:BS20) -> 42 | BV20: =IF(BU20>=75,"A",IF(BU20>=60,"B",IF(BU20>=50,"C",IF(BU20>=40,"D",IF(BU20>=35,"E","F"))))) -> D | BW20: =VLOOKUP(RANK(BU20,$BU$10:$BU$109),Sheet1!$A$381:$B$480,2,FALSE) -> 55th | BX20: 26 | BY20: 10 | BZ20: =SUM(BX20:BY20) -> 36 | CA20: =SUM(BX20:BY20) -> 36 | CB20: =IF(CA20>=75,"A",IF(CA20>=60,"B",IF(CA20>=50,"C",IF(CA20>=40,"D",IF(CA20>=35,"E","F"))))) -> E | CC20: =VLOOKUP(RANK(CA20,$CA$10:$CA$109),Sheet1!$A$381:$B$480,2,FALSE) -> 91st | CD20: 25 | CE20: 25 | CF20: =SUM(CD20:CE20) -> 50 | CG20: =SUM(CD20:CE20) -> 50 | CH20: =IF(CG20>=75,"A",IF(CG20>=60,"B",IF(CG20>=50,"C",IF(CG20>=40,"D",IF(CG20>=35,"E","F"))))) -> C | CI20: =VLOOKUP(RANK(CG20,$CG$10:$CG$109),Sheet1!$A$381:$B$480,2,FALSE) -> 71st | CL20: =SUM(CJ20:CK20) -> 0 | CM20: =SUM(CJ20:CK20) -> 0 | CN20: =IF(CM20>=75,"A",IF(CM20>=60,"B",IF(CM20>=50,"C",IF(CM20>=40,"D",IF(CM20>=35,"E","F"))))) -> F | CO20: =VLOOKUP(RANK(CM20,$CM$10:$CM$109),Sheet1!$A$381:$B$480,2,FALSE) -> 1st | CR20: =SUM(CP20:CQ20) -> 0 | CS20: =SUM(CP20:CQ20) -> 0 | CT20: =IF(CS20>=75,"A",IF(CS20>=60,"B",IF(CS20>=50,"C",IF(CS20>=40,"D",IF(CS20>=35,"E","F"))))) -> F | CU20: =VLOOKUP(RANK(CS20,$CS$10:$CS$109),Sheet1!$A$381:$B$480,2,FALSE) -> 1st | CX20: =SUM(CV20:CW20) -> 0 | CY20: =SUM(CV20:CW20) -> 0 | CZ20: =IF(CY20>=75,"A",IF(CY20>=60,"B",IF(CY20>=50,"C",IF(CY20>=40,"D",IF(CY20>=35,"E","F"))))) -> F | DA20: =VLOOKUP(RANK(CY20,$CY$10:$CY$109),Sheet1!$A$381:$B$480,2,FALSE) -> 1st | DC20: =CR20+CL20+CF20+BZ20+BT20+BH20+BB20+AV20+AP20+AJ20+AD20+X20+L20+F20+BN20+R20+CX20 -> 544 | DD20: =DC20/17 -> 32 | DE20: =VLOOKUP(RANK(DD20,$DD$10:$DD$109),Sheet1!$A$381:$B$480,2,FALSE) -> 81st | DG20: =SUM(DC20:DD20) -> 576 | DI20: - | DJ20: - | DK20: =SUM(DI20:DJ20) -> 0 | DL20: =REPT(G20,1) -> 63 | DM20: =DK20+DL20 -> 63 | DN20: =DM20/2 -> 31.5 | DO20: =IF(DN20>=75,"A",IF(DN20>=60,"B",IF(DN20>=50,"C",IF(DN20>=40,"D",IF(DN20>=35,"E","F"))))) -> F | DP20: =VLOOKUP(RANK(DN20,$DN$10:$DN$109),Sheet1!$A$381:$B$480,2,FALSE) -> 99th | DQ20: 0 | DR20: 0 | DS20: =SUM(DQ20:DR20) -> 0 | DT20: =REPT(M20,1) -> 35 | DU20: =DS20+DT20 -> 35 | DV20: =DU20/2 -> 17.5 | DW20: =IF(DV20>=75,"A",IF(DV20>=60,"B",IF(DV20>=50,"C",IF(DV20>=40,"D",IF(DV20>=35,"E","F"))))) -> F | DX20: =VLOOKUP(RANK(DV20,$DV$10:$DV$109),Sheet1!$A$381:$B$480,2,FALSE) -> 100th | DY20: 18 | DZ20: 0 | EA20: =SUM(DY20:DZ20) -> 18 | EB20: =REPT(S20,1) -> 52 | EC20: =EA20+EB20 -> 70 | ED20: =EC20/2 -> 35 | EE20: =IF(ED20>=75,"A",IF(ED20>=60,"B",IF(ED20>=50,"C",IF(ED20>=40,"D",IF(ED20>=35,"E","F"))))) -> E | EF20: =VLOOKUP(RANK(ED20,$ED$10:$ED$109),Sheet1!$A$381:$B$480,2,FALSE) -> 86th | EG20: 30 | EI20: =SUM(EG20:EH20) -> 30 | EJ20: =REPT(X20,1) -> 45 | EK20: =EI20+EJ20 -> 75 | EL20: =EK20/2 -> 37.5 | EM20: =IF(EL20>=75,"A",IF(EL20>=60,"B",IF(EL20>=50,"C",IF(EL20>=40,"D",IF(EL20>=35,"E","F"))))) -> E | EN20: =VLOOKUP(RANK(EL20,$EL$10:$EL$109),Sheet1!$A$381:$B$480,2,FALSE) -> 89th | EO20: 19 | EQ20: =SUM(EO20:EP20) -> 19 | ER20: =REPT(AE20,1) -> 56 | ES20: =EQ20+ER20 -> 75 | ET20: =ES20/2 -> 37.5 | EU20: =IF(ET20>=75,"A",IF(ET20>=60,"B",IF(ET20>=50,"C",IF(ET20>=40,"D",IF(ET20>=35,"E","F"))))) -> E | EV20: =VLOOKUP(RANK(ET20,$ET$10:$ET$109),Sheet1!$A$381:$B$480,2,FALSE) -> 78th | EY20: =SUM(EW20:EX20) -> 0 | EZ20: =REPT(AK20,1) -> 0 | FA20: =EY20+EZ20 -> 0 | FB20: =FA20/2 -> 0 | FC20: =IF(FB20>=75,"A",IF(FB20>=60,"B",IF(FB20>=50,"C",IF(FB20>=40,"D",IF(FB20>=35,"E","F"))))) -> F | FD20: =VLOOKUP(RANK(FB20,$FB$10:$FB$109),Sheet1!$A$381:$B$480,2,FALSE) -> 1st | FG20: =SUM(FE20:FF20) -> 0 | FH20: =REPT(AQ20,1) -> 0 | FI20: =FG20+FH20 -> 0 | FJ20: =FI20/2 -> 0 | FK20: =IF(FJ20>=75,"A",IF(FJ20>=60,"B",IF(FJ20>=50,"C",IF(FJ20>=40,"D",IF(FJ20>=35,"E","F"))))) -> F | FL20: =VLOOKUP(RANK(FJ20,$FJ$10:$FJ$109),Sheet1!$A$381:$B$480,2,FALSE) -> 1st | FO20: =SUM(FM20:FN20) -> 0 | FP20: =REPT(AW20,1) -> 52 | FQ20: =FO20+FP20 -> 52 | FR20: =FQ20/2 -> 26 | FS20: =IF(FR20>=75,"A",IF(FR20>=60,"B",IF(FR20>=50,"C",IF(FR20>=40,"D",IF(FR20>=35,"E","F"))))) -> F | FT20: =VLOOKUP(RANK(FR20,$FR$10:$FR$109),Sheet1!$A$381:$B$480,2,FALSE) -> 96th | FU20: 12 | FV20: 0 | FW20: =SUM(FU20:FV20) -> 12 | FX20: =REPT(BB20,1) -> 40 | FY20: =SUM(FW20:FX20) -> 12 | FZ20: =FY20/2 -> 6 | GA20: =IF(FZ20>=75,"A",IF(FZ20>=60,"B",IF(FZ20>=50,"C",IF(FZ20>=40,"D",IF(FZ20>=35,"E","F"))))) -> F | GB20: =VLOOKUP(RANK(FZ20,$FZ$10:$FZ$109),Sheet1!$A$381:$B$480,2,FALSE) -> 96th | GC20: 3 | GD20: 0 | GE20: =SUM(GC20:GD20) -> 3 | GF20: =REPT(BI20,1) -> 26 | GG20: =GE20+GF20 -> 29 | GH20: =GG20/2 -> 14.5 | GI20: =IF(GH20>=75,"A",IF(GH20>=60,"B",IF(GH20>=50,"C",IF(GH20>=40,"D",IF(GH20>=35,"E","F"))))) -> F | GJ20: =VLOOKUP(RANK(GH20,$GH$10:$GH$109),Sheet1!$A$381:$B$480,2,FALSE) -> 98th | GK20: - | GL20: - | GM20: =SUM(GK20:GL20) -> 0 | GN20: =REPT(BO20,1) -> 47 | GO20: =GM20+GN20 -> 47 | GP20: =GO20/2 -> 23.5 | GQ20: =IF(GP20>=75,"A",IF(GP20>=60,"B",IF(GP20>=50,"C",IF(GP20>=40,"D",IF(GP20>=35,"E","F"))))) -> F | GR20: =VLOOKUP(RANK(GP20,$GP$10:$GP$109),Sheet1!$A$381:$B$480,2,FALSE) -> 100th | GU20: =SUM(GS20:GT20) -> 0 | GV20: =REPT(BU20,1) -> 42 | GW20: =GU20+GV20 -> 42 | GX20: =GW20/2 -> 21 | GY20: =IF(GX20>=75,"A",IF(GX20>=60,"B",IF(GX20>=50,"C",IF(GX20>=40,"D",IF(GX20>=35,"E","F"))))) -> F | GZ20: =VLOOKUP(RANK(GX20,$GX$10:$GX$109),Sheet1!$A$381:$B$480,2,FALSE) -> 98th | HA20: 31 | HB20: 0 | HC20: =SUM(HA20:HB20) -> 31 | HD20: =REPT(CA20,1) -> 36 | HE20: =HC20+HD20 -> 67 | HF20: =HE20/2 -> 33.5 | HG20: =IF(HF20>=75,"A",IF(HF20>=60,"B",IF(HF20>=50,"C",IF(HF20>=40,"D",IF(HF20>=35,"E","F"))))) -> F | HH20: =VLOOKUP(RANK(HF20,$HF$10:$HF$109),Sheet1!$A$381:$B$480,2,FALSE) -> 98th | HI20: 10 | HK20: =SUM(HI20:HJ20) -> 10 | HL20: =REPT(CG20,1) -> 50 | HM20: =HK20+HL20 -> 60 | HN20: =HM20/2 -> 30 | HO20: =IF(HN20>=75,"A",IF(HN20>=60,"B",IF(HN20>=50,"C",IF(HN20>=40,"D",IF(HN20>=35,"E","F"))))) -> F | HP20: =VLOOKUP(RANK(HN20,$HN$10:$HN$109),Sheet1!$A$381:$B$480,2,FALSE) -> 98th | HS20: =SUM(HQ20:HR20) -> 0 | HT20: =REPT(CM20,1) -> 0 | HU20: =HS20+HT20 -> 0 | HV20: =HU20/2 -> 0 | HW20: =IF(HV20>=75,"A",IF(HV20>=60,"B",IF(HV20>=50,"C",IF(HV20>=40,"D",IF(HV20>=35,"E","F"))))) -> F | HX20: =VLOOKUP(RANK(HV20,$HV$10:$HV$109),Sheet1!$A$381:$B$480,2,FALSE) -> 1st | IA20: =SUM(HY20:HZ20) -> 0 | IB20: =REPT(CS20,1) -> 0 | IC20: =IA20+IB20 -> 0 | ID20: =IC20/2 -> 0 | IE20: =IF(ID20>=75,"A",IF(ID20>=60,"B",IF(ID20>=50,"C",IF(ID20>=40,"D",IF(ID20>=35,"E","F"))))) -> F | IF20: =VLOOKUP(RANK(ID20,$ID$10:$ID$109),Sheet1!$A$381:$B$480,2,FALSE) -> 1st | II20: =SUM(IG20:IH20) -> 0 | IJ20: =REPT(CY20,1) -> 0 | IK20: =II20+IJ20 -> 0 | IL20: =IK20/2 -> 0 | IM20: =IF(IL20>=75,"A",IF(IL20>=60,"B",IF(IL20>=50,"C",IF(IL20>=40,"D",IF(IL20>=35,"E","F"))))) -> F | IN20: =VLOOKUP(RANK(IL20,$IL$10:$IL$109),Sheet1!$A$381:$B$480,2,FALSE) -> 1st | IO20: =ID20+HV20+HN20+HF20+GX20+GP20+GH20+FZ20+FR20+FJ20+FB20+ET20+EL20+ED20+DV20+DN20+IL20 -> 313.5 | IP20: =IO20/17 -> 18.441176 | IQ20: =VLOOKUP(RANK(IP20,$IP$10:$IP$109),Sheet1!$A$381:$B$480,2,FALSE) -> 99th | IZ20: =SUM(IX20:IY20) -> 0 | JA20: =REPT(G20,1) -> 63 | JB20: =REPT(DK20,1) -> 0 | JC20: =IZ20+JA20+JB20 -> 63 | JD20: =JC20/3 -> 21 | JE20: =IF(JD20>=75,"A",IF(JD20>=60,"B",IF(JD20>=50,"C",IF(JD20>=40,"D",IF(JD20>=35,"E","F"))))) -> F | JF20: =VLOOKUP(RANK(JD20,$JD$10:$JD$109),Sheet1!$A$381:$B$480,2,FALSE) -> 99th | JI20: =SUM(JG20:JH20) -> 0 | JJ20: =REPT(M20,1) -> 35 | JK20: =REPT(DS20,1) -> 0 | JL20: =JI20+JJ20+JK20 -> 35 | JM20: =JL20/3 -> 11.666667 | JN20: =IF(JM20>=75,"A",IF(JM20>=60,"B",IF(JM20>=50,"C",IF(JM20>=40,"D",IF(JM20>=35,"E","F"))))) -> F | JO20: =VLOOKUP(RANK(JM20,$JM$10:$JM$109),Sheet1!$A$381:$B$480,2,FALSE) -> 100th | JR20: =SUM(JP20:JQ20) -> 0 | JS20: =REPT(S20,1) -> 52 | JT20: =REPT(EA20,1) -> 18 | JU20: =JR20+JS20+JT20 -> 70 | JV20: =JU20/3 -> 23.333333 | JW20: =IF(JV20>=75,"A",IF(JV20>=60,"B",IF(JV20>=50,"C",IF(JV20>=40,"D",IF(JV20>=35,"E","F"))))) -> F | JX20: =VLOOKUP(RANK(JV20,$JV$10:$JV$109),Sheet1!$A$381:$B$480,2,FALSE) -> 86th | KA20: =SUM(JY20:JZ20) -> 0 | KB20: =REPT(X20,1) -> 45 | KC20: =REPT(EI20,1) -> 30 | KD20: =KA20+KB20+KC20 -> 75 | KE20: =KD20/3 -> 25 | KF20: =IF(KE20>=75,"A",IF(KE20>=60,"B",IF(KE20>=50,"C",IF(KE20>=40,"D",IF(KE20>=35,"E","F"))))) -> F | KG20: =VLOOKUP(RANK(KE20,$KE$10:$KE$109),Sheet1!$A$381:$B$480,2,FALSE) -> 89th | KJ20: =SUM(KH20:KI20) -> 0 | KK20: =REPT(AD20,1) -> 56 | KL20: =REPT(EQ20,1) -> 19 | KM20: =KJ20+KK20+KL20 -> 75 | KN20: =KM20/3 -> 25 | KO20: =IF(KN20>=75,"A",IF(KN20>=60,"B",IF(KN20>=50,"C",IF(KN20>=40,"D",IF(KN20>=35,"E","F"))))) -> F | KP20: =VLOOKUP(RANK(KN20,$KN$10:$KN$109),Sheet1!$A$381:$B$480,2,FALSE) -> 78th | KS20: =SUM(KQ20:KR20) -> 0 | KT20: =REPT(AK20,1) -> 0 | KU20: =REPT(EY20,1) -> 0 | KV20: =KS20+KT20+KU20 -> 0 | KW20: =KV20/3 -> 0 | KX20: =IF(KW20>=75,"A",IF(KW20>=60,"B",IF(KW20>=50,"C",IF(KW20>=40,"D",IF(KW20>=35,"E","F"))))) -> F | KY20: =VLOOKUP(RANK(KW20,$KW$10:$KW$109),Sheet1!$A$381:$B$480,2,FALSE) -> 1st | LB20: =SUM(KZ20:LA20) -> 0 | LC20: =REPT(AQ20,1) -> 0 | LD20: =REPT(FG20,1) -> 0 | LE20: =LB20+LC20+LD20 -> 0 | LF20: =LE20/3 -> 0 | LG20: =IF(LF20>=75,"A",IF(LF20>=60,"B",IF(LF20>=50,"C",IF(LF20>=40,"D",IF(LF20>=35,"E","F"))))) -> F | LH20: =VLOOKUP(RANK(LF20,$LF$10:$LF$109),Sheet1!$A$381:$B$480,2,FALSE) -> 1st | LK20: =SUM(LI20:LJ20) -> 0 | LL20: =REPT(AW20,1) -> 52 | LM20: =REPT(FO20,1) -> 0 | LN20: =LK20+LL20+LM20 -> 52 | LO20: =LN20/3 -> 17.333333 | LP20: =IF(LO20>=75,"A",IF(LO20>=60,"B",IF(LO20>=50,"C",IF(LO20>=40,"D",IF(LO20>=35,"E","F"))))) -> F | LQ20: =VLOOKUP(RANK(LO20,$LO$10:$LO$109),Sheet1!$A$381:$B$480,2,FALSE) -> 96th | LT20: =SUM(LR20:LS20) -> 0 | LU20: =REPT(BB20,1) -> 40 | LV20: =REPT(FW20,1) -> 12 | LW20: =LT20+LV20+LU20 -> 52 | LX20: =LW20/3 -> 17.333333 | LY20: =IF(LX20>=75,"A",IF(LX20>=60,"B",IF(LX20>=50,"C",IF(LX20>=40,"D",IF(LX20>=35,"E","F"))))) -> F | LZ20: =VLOOKUP(RANK(LX20,$LX$10:$LX$109),Sheet1!$A$381:$B$480,2,FALSE) -> 99th | MC20: =SUM(MA20:MB20) -> 0 | MD20: =REPT(BI20,1) -> 26 | ME20: =REPT(GE20,1) -> 3 | MF20: =MC20+MD20+ME20 -> 29 | MG20: =MF20/3 -> 9.6666667 | MH20: =IF(MG20>=75,"A",IF(MG20>=60,"B",IF(MG20>=50,"C",IF(MG20>=40,"D",IF(MG20>=35,"E","F"))))) -> F | MI20: =VLOOKUP(RANK(MG20,$MG$10:$MG$109),Sheet1!$A$381:$B$480,2,FALSE) -> 98th | ML20: =SUM(MJ20:MK20) -> 0 | MM20: =REPT(BO20,1) -> 47 | MN20: =REPT(GM20,1) -> 0 | MO20: =ML20+MM20+MN20 -> 47 | MP20: =MO20/3 -> 15.666667 | MQ20: =IF(MP20>=75,"A",IF(MP20>=60,"B",IF(MP20>=50,"C",IF(MP20>=40,"D",IF(MP20>=35,"E","F"))))) -> F | MR20: =VLOOKUP(RANK(MP20,$MP$10:$MP$109),Sheet1!$A$381:$B$480,2,FALSE) -> 100th | MU20: =SUM(MS20:MT20) -> 0 | MV20: =REPT(BU20,1) -> 42 | MW20: =REPT(GU20,1) -> 0 | MX20: =MU20+MV20+MW20 -> 42 | MY20: =MX20/3 -> 14 | MZ20: =IF(MY20>=75,"A",IF(MY20>=60,"B",IF(MY20>=50,"C",IF(MY20>=40,"D",IF(MY20>=35,"E","F"))))) -> F | NA20: =VLOOKUP(RANK(MY20,$MY$10:$MY$109),Sheet1!$A$381:$B$480,2,FALSE) -> 98th | ND20: =SUM(NB20:NC20) -> 0 | NE20: =REPT(CA20,1) -> 36 | NF20: =REPT(HC20,1) -> 31 | NG20: =ND20+NF20+NE20 -> 67 | NH20: =NG20/3 -> 22.333333 | NI20: =IF(NH20>=75,"A",IF(NH20>=60,"B",IF(NH20>=50,"C",IF(NH20>=40,"D",IF(NH20>=35,"E","F"))))) -> F | NJ20: =VLOOKUP(RANK(NH20,$NH$10:$NH$109),Sheet1!$A$381:$B$480,2,FALSE) -> 98th | NM20: =SUM(NK20:NL20) -> 0 | NN20: =REPT(CG20,1) -> 50 | NO20: =REPT(HK20,1) -> 10 | NP20: =NM20+NO20+NN20 -> 60 | NQ20: =NP20/3 -> 20 | NR20: =IF(NQ20>=75,"A",IF(NQ20>=60,"B",IF(NQ20>=50,"C",IF(NQ20>=40,"D",IF(NQ20>=35,"E","F"))))) -> F | NS20: =VLOOKUP(RANK(NQ20,$NQ$10:$NQ$109),Sheet1!$A$381:$B$480,2,FALSE) -> 98th | NV20: =SUM(NT20:NU20) -> 0 | NW20: =REPT(CM20,1) -> 0 | NX20: =REPT(HS20,1) -> 0 | NY20: =NV20+NX20+NW20 -> 0 | NZ20: =NY20/3 -> 0 | OA20: =IF(NZ20>=75,"A",IF(NZ20>=60,"B",IF(NZ20>=50,"C",IF(NZ20>=40,"D",IF(NZ20>=35,"E","F"))))) -> F | OB20: =VLOOKUP(RANK(NZ20,$NZ$10:$NZ$109),Sheet1!$A$381:$B$480,2,FALSE) -> 1st | OE20: =SUM(OC20:OD20) -> 0 | OF20: =REPT(CS20,1) -> 0 | OG20: =REPT(IA20,1) -> 0 | OH20: =OE20+OG20+OF20 -> 0 | OI20: =OH20/2 -> 0 | OJ20: =IF(OI20>=75,"A",IF(OI20>=60,"B",IF(OI20>=50,"C",IF(OI20>=40,"D",IF(OI20>=35,"E","F"))))) -> F | OK20: =VLOOKUP(RANK(OI20,$OI$10:$OI$109),Sheet1!$A$381:$B$480,2,FALSE) -> 1st | ON20: =SUM(OL20:OM20) -> 0 | OO20: =REPT(CY20,1) -> 0 | OP20: =REPT(IL20,1) -> 0 | OQ20: =ON20+OP20+OO20 -> 0 | OR20: =OQ20/3 -> 0 | OS20: =IF(OR20>=75,"A",IF(OR20>=60,"B",IF(OR20>=50,"C",IF(OR20>=40,"D",IF(OR20>=35,"E","F"))))) -> F | OT20: =VLOOKUP(RANK(OR20,$OI$10:$OI$109),Sheet1!$A$381:$B$480,2,FALSE) -> 1st | OU20: =(OI20+NZ20+NQ20+NH20+MY20+MP20+MG20+LX20+LO20+LF20+KW20+KN20+KE20+JV20+JM20+JD20+OR20) -> 222.33333 | OV20: =(OI20+NZ20+NQ20+NH20+MY20+MP20+MG20+LX20+LO20+LF20+KW20+KN20+KE20+JV20+JM20+JD20)/17 -> 13.078431 | OW20: =VLOOKUP(RANK(OV20,$OV$10:$OV$109),Sheet1!$A$381:$B$480,2,FALSE) -> 99th
